{
  "count": 11,
  "results": [
    {
      "id": 2,
      "challenge_id": 3,
      "type": "static",
      "content": "v1.26.3+b404935",
      "data": ""
    },
    {
      "id": 3,
      "challenge_id": 1,
      "type": "static",
      "content": "done",
      "data": "case_insensitive"
    },
    {
      "id": 5,
      "challenge_id": 4,
      "type": "static",
      "content": "FLAG_HELLO_99",
      "data": ""
    },
    {
      "id": 6,
      "challenge_id": 5,
      "type": "static",
      "content": "FLAG_BONJOUR_99",
      "data": ""
    },
    {
      "id": 7,
      "challenge_id": 6,
      "type": "static",
      "content": "CONTAINERS",
      "data": ""
    },
    {
      "id": 8,
      "challenge_id": 12,
      "type": "static",
      "content": "x-marks-the-spot",
      "data": ""
    },
    {
      "id": 9,
      "challenge_id": 11,
      "type": "static",
      "content": "FLAG_ALOHA_99",
      "data": ""
    },
    {
      "id": 10,
      "challenge_id": 15,
      "type": "static",
      "content": "Anastasia",
      "data": "case_insensitive"
    },
    {
      "id": 11,
      "challenge_id": 16,
      "type": "static",
      "content": "Trying to fix DNS. It's always DNS.",
      "data": "case_insensitive"
    },
    {
      "id": 12,
      "challenge_id": 13,
      "type": "static",
      "content": "FLAG_POSTGRES_99",
      "data": "case_insensitive"
    },
    {
      "id": 13,
      "challenge_id": 17,
      "type": "static",
      "content": "goodluck",
      "data": "case_insensitive"
    },
    {
  		"id": 14,
  		"challenge_id": 18,
  		"type": "static",
  		"content": "MjcwNTYK",
  		"data": ""
	  },
    {
      "id": 15,
      "challenge_id": 8,
      "type": "static",
      "content": "quarkus",
      "data": "case_insensitive"
    },
    {
      "id": 16,
      "challenge_id": 9,
      "type": "static",
      "content": "gp3-csi",
      "data": "case_insensitive"
    },
    {
      "id": 17,
      "challenge_id": 10,
      "type": "static",
      "content": "FLAG_MONKEY_BUSINESS_99",
      "data": "case_insensitive"
    }
  ],
  "meta": {}
}
