{
    "count": 101,
    "results": [
        {
            "id": 1,
            "oauth_id": null,
            "name": "admin",
            "password": "$bcrypt-sha256$v=2,t=2b,r=12$2H1m2gG0kgw5zayAp1roWu$b.snjtLKLG3YofWYpXhWPjJUH/LSsle",
            "email": "green@redhat.com",
            "type": "admin",
            "secret": null,
            "website": null,
            "affiliation": null,
            "country": null,
            "bracket": null,
            "hidden": 1,
            "banned": 0,
            "verified": 0,
            "team_id": null,
            "created": "2023-09-05T08:00:21.290665",
            "language": null
        },
        {
            "id": 2,
            "oauth_id": null,
            "name": "player1",
            "password": "$bcrypt-sha256$v=2,t=2b,r=12$irgOUsctuqBkR82w4gnvD.$qzjcTyazs2dadmlUo2Vz2whlOCiyrgW",
            "email": "player1@example.com",
            "type": "user",
            "secret": null,
            "website": null,
            "affiliation": null,
            "country": null,
            "bracket": null,
            "hidden": 0,
            "banned": 0,
            "verified": 0,
            "team_id": null,
            "created": "2023-09-05T08:00:21.532786",
            "language": null
        },
        {
            "id": 3,
            "oauth_id": null,
            "name": "player2",
            "password": "$bcrypt-sha256$v=2,t=2b,r=12$JLyc3KPtTGNYOHhU1KmFNO$YzQIqU3mCFT.W9IF.EqgWf7ljiSmqlK",
            "email": "player2@example.com",
            "type": "user",
            "secret": null,
            "website": null,
            "affiliation": null,
            "country": null,
            "bracket": null,
            "hidden": 0,
            "banned": 0,
            "verified": 0,
            "team_id": null,
            "created": "2023-09-05T08:00:21.776043",
            "language": null
        },
        {
            "id": 4,
            "oauth_id": null,
            "name": "player3",
            "password": "$bcrypt-sha256$v=2,t=2b,r=12$R7q50tnafxDEYJWGbhwM7e$HXlm5.Qq.6t0ab8Q5rn8/ynQrnxioO.",
            "email": "player3@example.com",
            "type": "user",
            "secret": null,
            "website": null,
            "affiliation": null,
            "country": null,
            "bracket": null,
            "hidden": 0,
            "banned": 0,
            "verified": 0,
            "team_id": null,
            "created": "2023-09-05T08:00:22.018956",
            "language": null
        },
        {
            "id": 5,
            "oauth_id": null,
            "name": "player4",
            "password": "$bcrypt-sha256$v=2,t=2b,r=12$Es1rV8zLGtL9bcSUcmckt.$IR85ExdKnbyXeepqedvuMdPY5gDTEj6",
            "email": "player4@example.com",
            "type": "user",
            "secret": null,
            "website": null,
            "affiliation": null,
            "country": null,
            "bracket": null,
            "hidden": 0,
            "banned": 0,
            "verified": 0,
            "team_id": null,
            "created": "2023-09-05T08:00:22.264632",
            "language": null
        },
        {
            "id": 6,
            "oauth_id": null,
            "name": "player5",
            "password": "$bcrypt-sha256$v=2,t=2b,r=12$N5ElAfhHb3QNPv3vCHgwr.$yQaNSAKr3YD6U0ZW656WrOM/IizJjre",
            "email": "player5@example.com",
            "type": "user",
            "secret": null,
            "website": null,
            "affiliation": null,
            "country": null,
            "bracket": null,
            "hidden": 0,
            "banned": 0,
            "verified": 0,
            "team_id": null,
            "created": "2023-09-05T08:00:22.509073",
            "language": null
        },
        {
            "id": 7,
            "oauth_id": null,
            "name": "player6",
            "password": "$bcrypt-sha256$v=2,t=2b,r=12$1VZcRdjZeb0boP16DYgdrO$gK28FdZkxAa6zpbWJgF1SgNC1XpyMXS",
            "email": "player6@example.com",
            "type": "user",
            "secret": null,
            "website": null,
            "affiliation": null,
            "country": null,
            "bracket": null,
            "hidden": 0,
            "banned": 0,
            "verified": 0,
            "team_id": null,
            "created": "2023-09-05T08:00:22.751249",
            "language": null
        },
        {
            "id": 8,
            "oauth_id": null,
            "name": "player7",
            "password": "$bcrypt-sha256$v=2,t=2b,r=12$//wUjHswFEpJkMsvI9arje$gQ7qFCTYump027//W3p5GDCVSbcAB8u",
            "email": "player7@example.com",
            "type": "user",
            "secret": null,
            "website": null,
            "affiliation": null,
            "country": null,
            "bracket": null,
            "hidden": 0,
            "banned": 0,
            "verified": 0,
            "team_id": null,
            "created": "2023-09-05T08:00:22.993254",
            "language": null
        },
        {
            "id": 9,
            "oauth_id": null,
            "name": "player8",
            "password": "$bcrypt-sha256$v=2,t=2b,r=12$YKr3rgUUJ1Q45rjsKvkQ9u$oyMgKk5EFfkaAFKimILFa5Gtl1ymbPC",
            "email": "player8@example.com",
            "type": "user",
            "secret": null,
            "website": null,
            "affiliation": null,
            "country": null,
            "bracket": null,
            "hidden": 0,
            "banned": 0,
            "verified": 0,
            "team_id": null,
            "created": "2023-09-05T08:00:23.235058",
            "language": null
        },
        {
            "id": 10,
            "oauth_id": null,
            "name": "player9",
            "password": "$bcrypt-sha256$v=2,t=2b,r=12$oXjtiCdBlKgvZ0QKs6/C8e$R3HazNigagBbwSGdmvtIngo5lY/87Tq",
            "email": "player9@example.com",
            "type": "user",
            "secret": null,
            "website": null,
            "affiliation": null,
            "country": null,
            "bracket": null,
            "hidden": 0,
            "banned": 0,
            "verified": 0,
            "team_id": null,
            "created": "2023-09-05T08:00:23.476842",
            "language": null
        },
        {
            "id": 11,
            "oauth_id": null,
            "name": "player10",
            "password": "$bcrypt-sha256$v=2,t=2b,r=12$u1lip2BD.EgjSw9RwiI7au$.iCdIsHn9abqRNDlbffPAqLhq8djq2K",
            "email": "player10@example.com",
            "type": "user",
            "secret": null,
            "website": null,
            "affiliation": null,
            "country": null,
            "bracket": null,
            "hidden": 0,
            "banned": 0,
            "verified": 0,
            "team_id": null,
            "created": "2023-09-05T08:00:23.718387",
            "language": null
        },
        {
            "id": 12,
            "oauth_id": null,
            "name": "player11",
            "password": "$bcrypt-sha256$v=2,t=2b,r=12$DJ2gmX72S7nMjHFMIsFOl.$iUfJ.h4aeSSM9NBHLQpJCJmE0FIqYaS",
            "email": "player11@example.com",
            "type": "user",
            "secret": null,
            "website": null,
            "affiliation": null,
            "country": null,
            "bracket": null,
            "hidden": 0,
            "banned": 0,
            "verified": 0,
            "team_id": null,
            "created": "2023-09-05T08:00:23.960282",
            "language": null
        },
        {
            "id": 13,
            "oauth_id": null,
            "name": "player12",
            "password": "$bcrypt-sha256$v=2,t=2b,r=12$LtC38egbjIJIRWGm8QKNUO$QucABpymeZTyjBwUkkLX5.VC3QD5gQq",
            "email": "player12@example.com",
            "type": "user",
            "secret": null,
            "website": null,
            "affiliation": null,
            "country": null,
            "bracket": null,
            "hidden": 0,
            "banned": 0,
            "verified": 0,
            "team_id": null,
            "created": "2023-09-05T08:00:24.202387",
            "language": null
        },
        {
            "id": 14,
            "oauth_id": null,
            "name": "player13",
            "password": "$bcrypt-sha256$v=2,t=2b,r=12$gbG48JiP7tfAxCzmTFH4du$qBTGFR0Sub5m6uTPfOMKIYMtMU1GY2G",
            "email": "player13@example.com",
            "type": "user",
            "secret": null,
            "website": null,
            "affiliation": null,
            "country": null,
            "bracket": null,
            "hidden": 0,
            "banned": 0,
            "verified": 0,
            "team_id": null,
            "created": "2023-09-05T08:00:24.444324",
            "language": null
        },
        {
            "id": 15,
            "oauth_id": null,
            "name": "player14",
            "password": "$bcrypt-sha256$v=2,t=2b,r=12$ILDnckMw6N8Nm7UaAEL93u$QPUnDh6CUH3h6dHt0Y.7DgYaoMaDnDu",
            "email": "player14@example.com",
            "type": "user",
            "secret": null,
            "website": null,
            "affiliation": null,
            "country": null,
            "bracket": null,
            "hidden": 0,
            "banned": 0,
            "verified": 0,
            "team_id": null,
            "created": "2023-09-05T08:00:24.686541",
            "language": null
        },
        {
            "id": 16,
            "oauth_id": null,
            "name": "player15",
            "password": "$bcrypt-sha256$v=2,t=2b,r=12$87ZohRhHQM5axR83dhHmH.$xRKtvfQsthPjtkByG8xxK.b5eUXVbSi",
            "email": "player15@example.com",
            "type": "user",
            "secret": null,
            "website": null,
            "affiliation": null,
            "country": null,
            "bracket": null,
            "hidden": 0,
            "banned": 0,
            "verified": 0,
            "team_id": null,
            "created": "2023-09-05T08:00:24.928308",
            "language": null
        },
        {
            "id": 17,
            "oauth_id": null,
            "name": "player16",
            "password": "$bcrypt-sha256$v=2,t=2b,r=12$nhUdKK1nfmg5OindHN4WxO$5G141uXXXuDOBnEOlZHBoYw28MLB36a",
            "email": "player16@example.com",
            "type": "user",
            "secret": null,
            "website": null,
            "affiliation": null,
            "country": null,
            "bracket": null,
            "hidden": 0,
            "banned": 0,
            "verified": 0,
            "team_id": null,
            "created": "2023-09-05T08:00:25.175049",
            "language": null
        },
        {
            "id": 18,
            "oauth_id": null,
            "name": "player17",
            "password": "$bcrypt-sha256$v=2,t=2b,r=12$XZEP37cU5hhkrxboTE6Pje$HdMUHgNUEILkNZWWngJsLxsIk8xBYve",
            "email": "player17@example.com",
            "type": "user",
            "secret": null,
            "website": null,
            "affiliation": null,
            "country": null,
            "bracket": null,
            "hidden": 0,
            "banned": 0,
            "verified": 0,
            "team_id": null,
            "created": "2023-09-05T08:00:25.417423",
            "language": null
        },
        {
            "id": 19,
            "oauth_id": null,
            "name": "player18",
            "password": "$bcrypt-sha256$v=2,t=2b,r=12$z7GoIEb8Y.5E1vy.tN2kve$5AsB6Ed06FlhsF90TyejlxDcYmNSJF.",
            "email": "player18@example.com",
            "type": "user",
            "secret": null,
            "website": null,
            "affiliation": null,
            "country": null,
            "bracket": null,
            "hidden": 0,
            "banned": 0,
            "verified": 0,
            "team_id": null,
            "created": "2023-09-05T08:00:25.659521",
            "language": null
        },
        {
            "id": 20,
            "oauth_id": null,
            "name": "player19",
            "password": "$bcrypt-sha256$v=2,t=2b,r=12$DHbWYYWS9UQEDjkSvTTO0.$d3cZYBlO/EgwGf9ZNcLMI0XWQVg0tNG",
            "email": "player19@example.com",
            "type": "user",
            "secret": null,
            "website": null,
            "affiliation": null,
            "country": null,
            "bracket": null,
            "hidden": 0,
            "banned": 0,
            "verified": 0,
            "team_id": null,
            "created": "2023-09-05T08:00:25.901693",
            "language": null
        },
        {
            "id": 21,
            "oauth_id": null,
            "name": "player20",
            "password": "$bcrypt-sha256$v=2,t=2b,r=12$XRHNmaELJfQn8AV06s7vwe$pjXEZvQZ3ANKt8QztDpEIzd1V1DqzI2",
            "email": "player20@example.com",
            "type": "user",
            "secret": null,
            "website": null,
            "affiliation": null,
            "country": null,
            "bracket": null,
            "hidden": 0,
            "banned": 0,
            "verified": 0,
            "team_id": null,
            "created": "2023-09-05T08:00:26.143536",
            "language": null
        },
        {
            "id": 22,
            "oauth_id": null,
            "name": "player21",
            "password": "$bcrypt-sha256$v=2,t=2b,r=12$CeZ5eKjUvWNVzbBQEo61J.$JylleI9LiF1WbyAGSJjF6TMkDsZ1Wy.",
            "email": "player21@example.com",
            "type": "user",
            "secret": null,
            "website": null,
            "affiliation": null,
            "country": null,
            "bracket": null,
            "hidden": 0,
            "banned": 0,
            "verified": 0,
            "team_id": null,
            "created": "2023-09-05T08:00:26.385130",
            "language": null
        },
        {
            "id": 23,
            "oauth_id": null,
            "name": "player22",
            "password": "$bcrypt-sha256$v=2,t=2b,r=12$nVCxACySZOq2ZYsf78lewO$HQMtnhFJcZUgmRmGvjxbeh.r83wgd7u",
            "email": "player22@example.com",
            "type": "user",
            "secret": null,
            "website": null,
            "affiliation": null,
            "country": null,
            "bracket": null,
            "hidden": 0,
            "banned": 0,
            "verified": 0,
            "team_id": null,
            "created": "2023-09-05T08:00:26.626923",
            "language": null
        },
        {
            "id": 24,
            "oauth_id": null,
            "name": "player23",
            "password": "$bcrypt-sha256$v=2,t=2b,r=12$bplN5Z4pdVZkB.W0Yoo9Uu$JoYMhcUYmhyJiG.fgyzZDRVMOxS7AGS",
            "email": "player23@example.com",
            "type": "user",
            "secret": null,
            "website": null,
            "affiliation": null,
            "country": null,
            "bracket": null,
            "hidden": 0,
            "banned": 0,
            "verified": 0,
            "team_id": null,
            "created": "2023-09-05T08:00:26.870520",
            "language": null
        },
        {
            "id": 25,
            "oauth_id": null,
            "name": "player24",
            "password": "$bcrypt-sha256$v=2,t=2b,r=12$RSlB5LjQ/.8ZXcWQxsvuDe$KvwAeBkmB4Ra5Fz9K3Zs0/vUiaLfs5O",
            "email": "player24@example.com",
            "type": "user",
            "secret": null,
            "website": null,
            "affiliation": null,
            "country": null,
            "bracket": null,
            "hidden": 0,
            "banned": 0,
            "verified": 0,
            "team_id": null,
            "created": "2023-09-05T08:00:27.113087",
            "language": null
        },
        {
            "id": 26,
            "oauth_id": null,
            "name": "player25",
            "password": "$bcrypt-sha256$v=2,t=2b,r=12$xOVvuXTiJR4NmvQu2IW5H.$uDZ4rX9RtYI.LWpsms2UT69YrhhNXfa",
            "email": "player25@example.com",
            "type": "user",
            "secret": null,
            "website": null,
            "affiliation": null,
            "country": null,
            "bracket": null,
            "hidden": 0,
            "banned": 0,
            "verified": 0,
            "team_id": null,
            "created": "2023-09-05T08:00:27.355193",
            "language": null
        },
        {
            "id": 27,
            "oauth_id": null,
            "name": "player26",
            "password": "$bcrypt-sha256$v=2,t=2b,r=12$ak6wuJEygAO5WRmpaTlY8O$dbmL3ledBH.pM3.V2qQIjK9PkynU1sy",
            "email": "player26@example.com",
            "type": "user",
            "secret": null,
            "website": null,
            "affiliation": null,
            "country": null,
            "bracket": null,
            "hidden": 0,
            "banned": 0,
            "verified": 0,
            "team_id": null,
            "created": "2023-09-05T08:00:27.597031",
            "language": null
        },
        {
            "id": 28,
            "oauth_id": null,
            "name": "player27",
            "password": "$bcrypt-sha256$v=2,t=2b,r=12$1OpuAiO0pmRb/1M/mHdie.$XTI0CueEo2a/XBff0eoaLAHBgWk8f2q",
            "email": "player27@example.com",
            "type": "user",
            "secret": null,
            "website": null,
            "affiliation": null,
            "country": null,
            "bracket": null,
            "hidden": 0,
            "banned": 0,
            "verified": 0,
            "team_id": null,
            "created": "2023-09-05T08:00:27.841618",
            "language": null
        },
        {
            "id": 29,
            "oauth_id": null,
            "name": "player28",
            "password": "$bcrypt-sha256$v=2,t=2b,r=12$hNQeFRhrsC8X96s5vj6uaO$cswydChqJo8AGjQaRccxUVLuOnq2j9y",
            "email": "player28@example.com",
            "type": "user",
            "secret": null,
            "website": null,
            "affiliation": null,
            "country": null,
            "bracket": null,
            "hidden": 0,
            "banned": 0,
            "verified": 0,
            "team_id": null,
            "created": "2023-09-05T08:00:28.083602",
            "language": null
        },
        {
            "id": 30,
            "oauth_id": null,
            "name": "player29",
            "password": "$bcrypt-sha256$v=2,t=2b,r=12$YK3VZ2Zpp9xk4xFF9LaSD.$SA7KBftITPhTHqMNtNKoruk6/FcYF.e",
            "email": "player29@example.com",
            "type": "user",
            "secret": null,
            "website": null,
            "affiliation": null,
            "country": null,
            "bracket": null,
            "hidden": 0,
            "banned": 0,
            "verified": 0,
            "team_id": null,
            "created": "2023-09-05T08:00:28.326314",
            "language": null
        },
        {
            "id": 31,
            "oauth_id": null,
            "name": "player30",
            "password": "$bcrypt-sha256$v=2,t=2b,r=12$M6IzkIqyZWapMr/AxmiOYO$5mfQMVKOFa8dboy8/FM5EvyKQV9vE/i",
            "email": "player30@example.com",
            "type": "user",
            "secret": null,
            "website": null,
            "affiliation": null,
            "country": null,
            "bracket": null,
            "hidden": 0,
            "banned": 0,
            "verified": 0,
            "team_id": null,
            "created": "2023-09-05T08:00:28.568962",
            "language": null
        },
        {
            "id": 32,
            "oauth_id": null,
            "name": "player31",
            "password": "$bcrypt-sha256$v=2,t=2b,r=12$bVzmBhoVTb5.AF5dFNTqOu$yBV0jDXn7aNUtlY1To0VGoT8i.QzuBS",
            "email": "player31@example.com",
            "type": "user",
            "secret": null,
            "website": null,
            "affiliation": null,
            "country": null,
            "bracket": null,
            "hidden": 0,
            "banned": 0,
            "verified": 0,
            "team_id": null,
            "created": "2023-09-05T08:00:28.811057",
            "language": null
        },
        {
            "id": 33,
            "oauth_id": null,
            "name": "player32",
            "password": "$bcrypt-sha256$v=2,t=2b,r=12$Xvgd71S3XPBQE8SEOp2dv.$9wBwE3gDmupZpzvmh8G05Sl5N1x/iB2",
            "email": "player32@example.com",
            "type": "user",
            "secret": null,
            "website": null,
            "affiliation": null,
            "country": null,
            "bracket": null,
            "hidden": 0,
            "banned": 0,
            "verified": 0,
            "team_id": null,
            "created": "2023-09-05T08:00:29.052990",
            "language": null
        },
        {
            "id": 34,
            "oauth_id": null,
            "name": "player33",
            "password": "$bcrypt-sha256$v=2,t=2b,r=12$mG83nUPbo9v.togsB0qFlu$gdzJ7IjjnnLzxR4cmy/mn.DdU2IeU02",
            "email": "player33@example.com",
            "type": "user",
            "secret": null,
            "website": null,
            "affiliation": null,
            "country": null,
            "bracket": null,
            "hidden": 0,
            "banned": 0,
            "verified": 0,
            "team_id": null,
            "created": "2023-09-05T08:00:29.296249",
            "language": null
        },
        {
            "id": 35,
            "oauth_id": null,
            "name": "player34",
            "password": "$bcrypt-sha256$v=2,t=2b,r=12$iwrtlIAZFhQ6GW.7Wutu0O$NwFLgVFs2/B9OhhAZRDt3207FLSRC.C",
            "email": "player34@example.com",
            "type": "user",
            "secret": null,
            "website": null,
            "affiliation": null,
            "country": null,
            "bracket": null,
            "hidden": 0,
            "banned": 0,
            "verified": 0,
            "team_id": null,
            "created": "2023-09-05T08:00:29.543712",
            "language": null
        },
        {
            "id": 36,
            "oauth_id": null,
            "name": "player35",
            "password": "$bcrypt-sha256$v=2,t=2b,r=12$F/uHx15LL087f4/4SWClrO$tI4OQ4X4fzyUxOMiMijTzTM9kRnLIz2",
            "email": "player35@example.com",
            "type": "user",
            "secret": null,
            "website": null,
            "affiliation": null,
            "country": null,
            "bracket": null,
            "hidden": 0,
            "banned": 0,
            "verified": 0,
            "team_id": null,
            "created": "2023-09-05T08:00:29.789048",
            "language": null
        },
        {
            "id": 37,
            "oauth_id": null,
            "name": "player36",
            "password": "$bcrypt-sha256$v=2,t=2b,r=12$lttMCbO/fFQhrvEiZPZUp.$kZcQYPytsp4tKk.fnl7b/YqrbsAVYM.",
            "email": "player36@example.com",
            "type": "user",
            "secret": null,
            "website": null,
            "affiliation": null,
            "country": null,
            "bracket": null,
            "hidden": 0,
            "banned": 0,
            "verified": 0,
            "team_id": null,
            "created": "2023-09-05T08:00:30.038967",
            "language": null
        },
        {
            "id": 38,
            "oauth_id": null,
            "name": "player37",
            "password": "$bcrypt-sha256$v=2,t=2b,r=12$9Mwyc.BsT4hbn/ja0HN61u$.JLHysC75s/ejyaOgwb2ziWxx9lJlMC",
            "email": "player37@example.com",
            "type": "user",
            "secret": null,
            "website": null,
            "affiliation": null,
            "country": null,
            "bracket": null,
            "hidden": 0,
            "banned": 0,
            "verified": 0,
            "team_id": null,
            "created": "2023-09-05T08:00:30.280672",
            "language": null
        },
        {
            "id": 39,
            "oauth_id": null,
            "name": "player38",
            "password": "$bcrypt-sha256$v=2,t=2b,r=12$Z4yFTjqtbdWasDq7kyIRue$3VDWs4fC1gduQhdWr5vaeSpYgOVW0T6",
            "email": "player38@example.com",
            "type": "user",
            "secret": null,
            "website": null,
            "affiliation": null,
            "country": null,
            "bracket": null,
            "hidden": 0,
            "banned": 0,
            "verified": 0,
            "team_id": null,
            "created": "2023-09-05T08:00:30.523761",
            "language": null
        },
        {
            "id": 40,
            "oauth_id": null,
            "name": "player39",
            "password": "$bcrypt-sha256$v=2,t=2b,r=12$fuLreaMZ5gfwe6IOF6Cw7.$spvxVEml/SKlJRJSW6ay9Uo1MmReQQ2",
            "email": "player39@example.com",
            "type": "user",
            "secret": null,
            "website": null,
            "affiliation": null,
            "country": null,
            "bracket": null,
            "hidden": 0,
            "banned": 0,
            "verified": 0,
            "team_id": null,
            "created": "2023-09-05T08:00:30.765445",
            "language": null
        },
        {
            "id": 41,
            "oauth_id": null,
            "name": "player40",
            "password": "$bcrypt-sha256$v=2,t=2b,r=12$N1/qScjD.dM2LRrewUhBeO$RV2q0RM3jkUVgzDW6uZ/keYn4Uvy66O",
            "email": "player40@example.com",
            "type": "user",
            "secret": null,
            "website": null,
            "affiliation": null,
            "country": null,
            "bracket": null,
            "hidden": 0,
            "banned": 0,
            "verified": 0,
            "team_id": null,
            "created": "2023-09-05T08:00:31.007385",
            "language": null
        },
        {
            "id": 42,
            "oauth_id": null,
            "name": "player41",
            "password": "$bcrypt-sha256$v=2,t=2b,r=12$0vT0RHcXlJPcaYDlnnzTvO$f1ARaXmoS.LTHmqV0UI9gBMjszBuG9a",
            "email": "player41@example.com",
            "type": "user",
            "secret": null,
            "website": null,
            "affiliation": null,
            "country": null,
            "bracket": null,
            "hidden": 0,
            "banned": 0,
            "verified": 0,
            "team_id": null,
            "created": "2023-09-05T08:00:31.249555",
            "language": null
        },
        {
            "id": 43,
            "oauth_id": null,
            "name": "player42",
            "password": "$bcrypt-sha256$v=2,t=2b,r=12$l8dESkE1ROX8XK.oZwd60u$ahy9f3wYY9c8lseqsfK6jO3ebK/NRkW",
            "email": "player42@example.com",
            "type": "user",
            "secret": null,
            "website": null,
            "affiliation": null,
            "country": null,
            "bracket": null,
            "hidden": 0,
            "banned": 0,
            "verified": 0,
            "team_id": null,
            "created": "2023-09-05T08:00:31.491455",
            "language": null
        },
        {
            "id": 44,
            "oauth_id": null,
            "name": "player43",
            "password": "$bcrypt-sha256$v=2,t=2b,r=12$7z3.Est/5fTHfEjw.YSTBu$Z2Tct.vY6wWSnJeAig7yEeI7j4IqMFi",
            "email": "player43@example.com",
            "type": "user",
            "secret": null,
            "website": null,
            "affiliation": null,
            "country": null,
            "bracket": null,
            "hidden": 0,
            "banned": 0,
            "verified": 0,
            "team_id": null,
            "created": "2023-09-05T08:00:31.733137",
            "language": null
        },
        {
            "id": 45,
            "oauth_id": null,
            "name": "player44",
            "password": "$bcrypt-sha256$v=2,t=2b,r=12$4CwlIlkiSZzzfiFZCWuB.e$2Hc/so2C4rguXFpAvDIK9mUv7yOYMU.",
            "email": "player44@example.com",
            "type": "user",
            "secret": null,
            "website": null,
            "affiliation": null,
            "country": null,
            "bracket": null,
            "hidden": 0,
            "banned": 0,
            "verified": 0,
            "team_id": null,
            "created": "2023-09-05T08:00:31.975145",
            "language": null
        },
        {
            "id": 46,
            "oauth_id": null,
            "name": "player45",
            "password": "$bcrypt-sha256$v=2,t=2b,r=12$ha.NrszzX6MYhL/j1OCc7O$L4DWksomaUWajxHQSfsSNL5rggBV2Um",
            "email": "player45@example.com",
            "type": "user",
            "secret": null,
            "website": null,
            "affiliation": null,
            "country": null,
            "bracket": null,
            "hidden": 0,
            "banned": 0,
            "verified": 0,
            "team_id": null,
            "created": "2023-09-05T08:00:32.217139",
            "language": null
        },
        {
            "id": 47,
            "oauth_id": null,
            "name": "player46",
            "password": "$bcrypt-sha256$v=2,t=2b,r=12$DCeo06cWnxno2fNg5bc9we$uiN2AOUstuSVNK6KJhU5onXBQRG0s6u",
            "email": "player46@example.com",
            "type": "user",
            "secret": null,
            "website": null,
            "affiliation": null,
            "country": null,
            "bracket": null,
            "hidden": 0,
            "banned": 0,
            "verified": 0,
            "team_id": null,
            "created": "2023-09-05T08:00:32.459105",
            "language": null
        },
        {
            "id": 48,
            "oauth_id": null,
            "name": "player47",
            "password": "$bcrypt-sha256$v=2,t=2b,r=12$/rzrI8bVXivnPOHW.OOP2O$5gpnGOmVgNS8SolLDlCvMybV6fc8qeC",
            "email": "player47@example.com",
            "type": "user",
            "secret": null,
            "website": null,
            "affiliation": null,
            "country": null,
            "bracket": null,
            "hidden": 0,
            "banned": 0,
            "verified": 0,
            "team_id": null,
            "created": "2023-09-05T08:00:32.700993",
            "language": null
        },
        {
            "id": 49,
            "oauth_id": null,
            "name": "player48",
            "password": "$bcrypt-sha256$v=2,t=2b,r=12$./3/oESFuF7SM0/GQz0ome$4FnoQ8P66P4ewS2ubu/JVGMYGyahKmG",
            "email": "player48@example.com",
            "type": "user",
            "secret": null,
            "website": null,
            "affiliation": null,
            "country": null,
            "bracket": null,
            "hidden": 0,
            "banned": 0,
            "verified": 0,
            "team_id": null,
            "created": "2023-09-05T08:00:32.942969",
            "language": null
        },
        {
            "id": 50,
            "oauth_id": null,
            "name": "player49",
            "password": "$bcrypt-sha256$v=2,t=2b,r=12$yEuoXEbg9z.Pn/lYS0W8Z.$ECKNUQM03A5FsSo3EWRJdG2QIUpeYda",
            "email": "player49@example.com",
            "type": "user",
            "secret": null,
            "website": null,
            "affiliation": null,
            "country": null,
            "bracket": null,
            "hidden": 0,
            "banned": 0,
            "verified": 0,
            "team_id": null,
            "created": "2023-09-05T08:00:33.184615",
            "language": null
        },
        {
            "id": 51,
            "oauth_id": null,
            "name": "player50",
            "password": "$bcrypt-sha256$v=2,t=2b,r=12$IkWnzf9do7D83J.SwfZBh.$DdaSt4gz1jg3.yDLK5sExhOQdKPf9Ti",
            "email": "player50@example.com",
            "type": "user",
            "secret": null,
            "website": null,
            "affiliation": null,
            "country": null,
            "bracket": null,
            "hidden": 0,
            "banned": 0,
            "verified": 0,
            "team_id": null,
            "created": "2023-09-05T08:00:33.426622",
            "language": null
        },
        {
            "id": 52,
            "oauth_id": null,
            "name": "player51",
            "password": "$bcrypt-sha256$v=2,t=2b,r=12$9V.SilTyY0VCbquHbfKgm.$Eb4waBjBSW5t6VYwxGoAsLYTsRTcX7C",
            "email": "player51@example.com",
            "type": "user",
            "secret": null,
            "website": null,
            "affiliation": null,
            "country": null,
            "bracket": null,
            "hidden": 0,
            "banned": 0,
            "verified": 0,
            "team_id": null,
            "created": "2023-09-05T08:00:33.668815",
            "language": null
        },
        {
            "id": 53,
            "oauth_id": null,
            "name": "player52",
            "password": "$bcrypt-sha256$v=2,t=2b,r=12$1uIiz1ZyjMLHkucwc27lEu$i1hpG/EvDe7cOSJHB0wBTnCu44F28JK",
            "email": "player52@example.com",
            "type": "user",
            "secret": null,
            "website": null,
            "affiliation": null,
            "country": null,
            "bracket": null,
            "hidden": 0,
            "banned": 0,
            "verified": 0,
            "team_id": null,
            "created": "2023-09-05T08:00:33.910775",
            "language": null
        },
        {
            "id": 54,
            "oauth_id": null,
            "name": "player53",
            "password": "$bcrypt-sha256$v=2,t=2b,r=12$fZ4N7Gs/MDE9L0ZZuqLz2.$zzOambWFiFOdzfLRSKlr2ttUuTdlhZy",
            "email": "player53@example.com",
            "type": "user",
            "secret": null,
            "website": null,
            "affiliation": null,
            "country": null,
            "bracket": null,
            "hidden": 0,
            "banned": 0,
            "verified": 0,
            "team_id": null,
            "created": "2023-09-05T08:00:34.152530",
            "language": null
        },
        {
            "id": 55,
            "oauth_id": null,
            "name": "player54",
            "password": "$bcrypt-sha256$v=2,t=2b,r=12$UHkJLCWTD7Uawh8R99j/0e$prgwtqP8.er3K2RqP107nh2dl9DVqtW",
            "email": "player54@example.com",
            "type": "user",
            "secret": null,
            "website": null,
            "affiliation": null,
            "country": null,
            "bracket": null,
            "hidden": 0,
            "banned": 0,
            "verified": 0,
            "team_id": null,
            "created": "2023-09-05T08:00:34.394275",
            "language": null
        },
        {
            "id": 56,
            "oauth_id": null,
            "name": "player55",
            "password": "$bcrypt-sha256$v=2,t=2b,r=12$7qJ5pDg1LPI89helI8Az..$WaPKOcwGLNFsekBFCixeV4rqwzRWDMW",
            "email": "player55@example.com",
            "type": "user",
            "secret": null,
            "website": null,
            "affiliation": null,
            "country": null,
            "bracket": null,
            "hidden": 0,
            "banned": 0,
            "verified": 0,
            "team_id": null,
            "created": "2023-09-05T08:00:34.635962",
            "language": null
        },
        {
            "id": 57,
            "oauth_id": null,
            "name": "player56",
            "password": "$bcrypt-sha256$v=2,t=2b,r=12$0ANDusnI1y9ld3AdLgiH6e$pEP57Enl2rmYYkS1MaGYt0FASQJ51KG",
            "email": "player56@example.com",
            "type": "user",
            "secret": null,
            "website": null,
            "affiliation": null,
            "country": null,
            "bracket": null,
            "hidden": 0,
            "banned": 0,
            "verified": 0,
            "team_id": null,
            "created": "2023-09-05T08:00:34.877469",
            "language": null
        },
        {
            "id": 58,
            "oauth_id": null,
            "name": "player57",
            "password": "$bcrypt-sha256$v=2,t=2b,r=12$aFESJq1ohu3k6lMZ7T.tbu$v4XNhfcOasQd5OXdRMEm2sn0ajhvBPK",
            "email": "player57@example.com",
            "type": "user",
            "secret": null,
            "website": null,
            "affiliation": null,
            "country": null,
            "bracket": null,
            "hidden": 0,
            "banned": 0,
            "verified": 0,
            "team_id": null,
            "created": "2023-09-05T08:00:35.119262",
            "language": null
        },
        {
            "id": 59,
            "oauth_id": null,
            "name": "player58",
            "password": "$bcrypt-sha256$v=2,t=2b,r=12$9XHlR5wNM6GaeSW92TCbie$VUT5/op7H/HxNMCmmu9/fbNGt1L7Ufi",
            "email": "player58@example.com",
            "type": "user",
            "secret": null,
            "website": null,
            "affiliation": null,
            "country": null,
            "bracket": null,
            "hidden": 0,
            "banned": 0,
            "verified": 0,
            "team_id": null,
            "created": "2023-09-05T08:00:35.361112",
            "language": null
        },
        {
            "id": 60,
            "oauth_id": null,
            "name": "player59",
            "password": "$bcrypt-sha256$v=2,t=2b,r=12$euAP532x8BOmbspt/lHPHO$8xEb.5IDZD5K1JmYStqPvFZC/q/p.He",
            "email": "player59@example.com",
            "type": "user",
            "secret": null,
            "website": null,
            "affiliation": null,
            "country": null,
            "bracket": null,
            "hidden": 0,
            "banned": 0,
            "verified": 0,
            "team_id": null,
            "created": "2023-09-05T08:00:35.602879",
            "language": null
        },
        {
            "id": 61,
            "oauth_id": null,
            "name": "player60",
            "password": "$bcrypt-sha256$v=2,t=2b,r=12$/EYUxDPGvYiIvEkKWuOliO$EnqDW.la/mq84RW/YtwSHxrgRyikqOm",
            "email": "player60@example.com",
            "type": "user",
            "secret": null,
            "website": null,
            "affiliation": null,
            "country": null,
            "bracket": null,
            "hidden": 0,
            "banned": 0,
            "verified": 0,
            "team_id": null,
            "created": "2023-09-05T08:00:35.844432",
            "language": null
        },
        {
            "id": 62,
            "oauth_id": null,
            "name": "player61",
            "password": "$bcrypt-sha256$v=2,t=2b,r=12$GyzsBjTGSNXRu6m3GVCGrO$jOJ6LkTp5f/mNMChSo.p95xUwAqYlPi",
            "email": "player61@example.com",
            "type": "user",
            "secret": null,
            "website": null,
            "affiliation": null,
            "country": null,
            "bracket": null,
            "hidden": 0,
            "banned": 0,
            "verified": 0,
            "team_id": null,
            "created": "2023-09-05T08:00:36.086031",
            "language": null
        },
        {
            "id": 63,
            "oauth_id": null,
            "name": "player62",
            "password": "$bcrypt-sha256$v=2,t=2b,r=12$YPRxDlUBN7PVTlmk7aO3BO$nWd7zRPWYknwDUQBHZHJvVRekgW5ccC",
            "email": "player62@example.com",
            "type": "user",
            "secret": null,
            "website": null,
            "affiliation": null,
            "country": null,
            "bracket": null,
            "hidden": 0,
            "banned": 0,
            "verified": 0,
            "team_id": null,
            "created": "2023-09-05T08:00:36.327807",
            "language": null
        },
        {
            "id": 64,
            "oauth_id": null,
            "name": "player63",
            "password": "$bcrypt-sha256$v=2,t=2b,r=12$ln7Ieb51myaPdktUjZ0bXe$r/hLmBzKeir0m.V8UvzHvCXapzuPK5.",
            "email": "player63@example.com",
            "type": "user",
            "secret": null,
            "website": null,
            "affiliation": null,
            "country": null,
            "bracket": null,
            "hidden": 0,
            "banned": 0,
            "verified": 0,
            "team_id": null,
            "created": "2023-09-05T08:00:36.569416",
            "language": null
        },
        {
            "id": 65,
            "oauth_id": null,
            "name": "player64",
            "password": "$bcrypt-sha256$v=2,t=2b,r=12$xiPpxPZEMECsmfo3n80G/u$8n2iMYRk.M2G7GvokAOQSZdztVaXLS2",
            "email": "player64@example.com",
            "type": "user",
            "secret": null,
            "website": null,
            "affiliation": null,
            "country": null,
            "bracket": null,
            "hidden": 0,
            "banned": 0,
            "verified": 0,
            "team_id": null,
            "created": "2023-09-05T08:00:36.810977",
            "language": null
        },
        {
            "id": 66,
            "oauth_id": null,
            "name": "player65",
            "password": "$bcrypt-sha256$v=2,t=2b,r=12$lXy27pBvYLx0qSN0Fx7vw.$b7R0i7Yn4jvvuL8poxPLM8Ia305Q3Nu",
            "email": "player65@example.com",
            "type": "user",
            "secret": null,
            "website": null,
            "affiliation": null,
            "country": null,
            "bracket": null,
            "hidden": 0,
            "banned": 0,
            "verified": 0,
            "team_id": null,
            "created": "2023-09-05T08:00:37.052596",
            "language": null
        },
        {
            "id": 67,
            "oauth_id": null,
            "name": "player66",
            "password": "$bcrypt-sha256$v=2,t=2b,r=12$XEyDxUSQQ2XdcCwGve/Iye$iKoVbjhfrnJ5MS36DIo6dvdYho31X32",
            "email": "player66@example.com",
            "type": "user",
            "secret": null,
            "website": null,
            "affiliation": null,
            "country": null,
            "bracket": null,
            "hidden": 0,
            "banned": 0,
            "verified": 0,
            "team_id": null,
            "created": "2023-09-05T08:00:37.294303",
            "language": null
        },
        {
            "id": 68,
            "oauth_id": null,
            "name": "player67",
            "password": "$bcrypt-sha256$v=2,t=2b,r=12$zMLuGmOntrbQBvAA6lyxT.$s/17vbamXSEuvwRniBT1cEJprwbOmq6",
            "email": "player67@example.com",
            "type": "user",
            "secret": null,
            "website": null,
            "affiliation": null,
            "country": null,
            "bracket": null,
            "hidden": 0,
            "banned": 0,
            "verified": 0,
            "team_id": null,
            "created": "2023-09-05T08:00:37.536021",
            "language": null
        },
        {
            "id": 69,
            "oauth_id": null,
            "name": "player68",
            "password": "$bcrypt-sha256$v=2,t=2b,r=12$sadCi81txkNpJwREE0QU5O$rvZtc.E0xMsF3AjQDQO/0Yn9UvyJ.re",
            "email": "player68@example.com",
            "type": "user",
            "secret": null,
            "website": null,
            "affiliation": null,
            "country": null,
            "bracket": null,
            "hidden": 0,
            "banned": 0,
            "verified": 0,
            "team_id": null,
            "created": "2023-09-05T08:00:37.777584",
            "language": null
        },
        {
            "id": 70,
            "oauth_id": null,
            "name": "player69",
            "password": "$bcrypt-sha256$v=2,t=2b,r=12$krCDfPYLMfQNqDnKQiFlzO$6XGTDZAMf4uvR1RR2f1DxDDiDuyRT.O",
            "email": "player69@example.com",
            "type": "user",
            "secret": null,
            "website": null,
            "affiliation": null,
            "country": null,
            "bracket": null,
            "hidden": 0,
            "banned": 0,
            "verified": 0,
            "team_id": null,
            "created": "2023-09-05T08:00:38.019268",
            "language": null
        },
        {
            "id": 71,
            "oauth_id": null,
            "name": "player70",
            "password": "$bcrypt-sha256$v=2,t=2b,r=12$9KZRcI0cmb965AooIBCEp.$mRfc.Wu7syDYuYl/m112zLYIokohh.S",
            "email": "player70@example.com",
            "type": "user",
            "secret": null,
            "website": null,
            "affiliation": null,
            "country": null,
            "bracket": null,
            "hidden": 0,
            "banned": 0,
            "verified": 0,
            "team_id": null,
            "created": "2023-09-05T08:00:38.261488",
            "language": null
        },
        {
            "id": 72,
            "oauth_id": null,
            "name": "player71",
            "password": "$bcrypt-sha256$v=2,t=2b,r=12$hoUN9yMdcyfw2D7l0O5MkO$P2TBXhG39.bQBjbQVE4zn8/GVBY6ma6",
            "email": "player71@example.com",
            "type": "user",
            "secret": null,
            "website": null,
            "affiliation": null,
            "country": null,
            "bracket": null,
            "hidden": 0,
            "banned": 0,
            "verified": 0,
            "team_id": null,
            "created": "2023-09-05T08:00:38.503174",
            "language": null
        },
        {
            "id": 73,
            "oauth_id": null,
            "name": "player72",
            "password": "$bcrypt-sha256$v=2,t=2b,r=12$562hB0EWgZeaev0molkhaO$7rwn2Z2u3rZwlQ9I57Ifb7DhfZT5Xsu",
            "email": "player72@example.com",
            "type": "user",
            "secret": null,
            "website": null,
            "affiliation": null,
            "country": null,
            "bracket": null,
            "hidden": 0,
            "banned": 0,
            "verified": 0,
            "team_id": null,
            "created": "2023-09-05T08:00:38.744751",
            "language": null
        },
        {
            "id": 74,
            "oauth_id": null,
            "name": "player73",
            "password": "$bcrypt-sha256$v=2,t=2b,r=12$yPssh3xanmGjr6rjELrMIO$ht6qeeFX8jmr8hxN0x436r1.p.p5i86",
            "email": "player73@example.com",
            "type": "user",
            "secret": null,
            "website": null,
            "affiliation": null,
            "country": null,
            "bracket": null,
            "hidden": 0,
            "banned": 0,
            "verified": 0,
            "team_id": null,
            "created": "2023-09-05T08:00:38.987504",
            "language": null
        },
        {
            "id": 75,
            "oauth_id": null,
            "name": "player74",
            "password": "$bcrypt-sha256$v=2,t=2b,r=12$ksH2lqxEPnkw0CP4AOMKEO$F93K3PrjIzEN2Lb3unJ1vnjiWXC/GY.",
            "email": "player74@example.com",
            "type": "user",
            "secret": null,
            "website": null,
            "affiliation": null,
            "country": null,
            "bracket": null,
            "hidden": 0,
            "banned": 0,
            "verified": 0,
            "team_id": null,
            "created": "2023-09-05T08:00:39.229069",
            "language": null
        },
        {
            "id": 76,
            "oauth_id": null,
            "name": "player75",
            "password": "$bcrypt-sha256$v=2,t=2b,r=12$vlS7tgJZKN5tHXw/foZZCO$GJ4aAbgZu62yxJkH9YLYrO8VaNQWL2i",
            "email": "player75@example.com",
            "type": "user",
            "secret": null,
            "website": null,
            "affiliation": null,
            "country": null,
            "bracket": null,
            "hidden": 0,
            "banned": 0,
            "verified": 0,
            "team_id": null,
            "created": "2023-09-05T08:00:39.470723",
            "language": null
        },
        {
            "id": 77,
            "oauth_id": null,
            "name": "player76",
            "password": "$bcrypt-sha256$v=2,t=2b,r=12$CATxfldQ6C0LE7ccfyD9Yu$9ILqXwqPGCDylvz5Rk8gky2hMyFr5Y2",
            "email": "player76@example.com",
            "type": "user",
            "secret": null,
            "website": null,
            "affiliation": null,
            "country": null,
            "bracket": null,
            "hidden": 0,
            "banned": 0,
            "verified": 0,
            "team_id": null,
            "created": "2023-09-05T08:00:39.712290",
            "language": null
        },
        {
            "id": 78,
            "oauth_id": null,
            "name": "player77",
            "password": "$bcrypt-sha256$v=2,t=2b,r=12$TTRZyCjKwI5jB2RotWnINO$xeesZfgIK6jDcu6No4P6p6C6MRhfY5m",
            "email": "player77@example.com",
            "type": "user",
            "secret": null,
            "website": null,
            "affiliation": null,
            "country": null,
            "bracket": null,
            "hidden": 0,
            "banned": 0,
            "verified": 0,
            "team_id": null,
            "created": "2023-09-05T08:00:39.953837",
            "language": null
        },
        {
            "id": 79,
            "oauth_id": null,
            "name": "player78",
            "password": "$bcrypt-sha256$v=2,t=2b,r=12$AvvyV1T/dl8YmL6lzhmIDu$ANd.DVWUwxD0uTT4tZ5iyeeF9fcq3Q2",
            "email": "player78@example.com",
            "type": "user",
            "secret": null,
            "website": null,
            "affiliation": null,
            "country": null,
            "bracket": null,
            "hidden": 0,
            "banned": 0,
            "verified": 0,
            "team_id": null,
            "created": "2023-09-05T08:00:40.195445",
            "language": null
        },
        {
            "id": 80,
            "oauth_id": null,
            "name": "player79",
            "password": "$bcrypt-sha256$v=2,t=2b,r=12$s9GnZmOG1qay9j6Alpv5RO$kCtnYWxeqZfVyABbq5W2KoLiRvaXxgS",
            "email": "player79@example.com",
            "type": "user",
            "secret": null,
            "website": null,
            "affiliation": null,
            "country": null,
            "bracket": null,
            "hidden": 0,
            "banned": 0,
            "verified": 0,
            "team_id": null,
            "created": "2023-09-05T08:00:40.437305",
            "language": null
        },
        {
            "id": 81,
            "oauth_id": null,
            "name": "player80",
            "password": "$bcrypt-sha256$v=2,t=2b,r=12$Z80W2Yms3Bndw4J.8.pjw.$YRk4ZACG6ApRx/bTEWDNVedq4I79.Ea",
            "email": "player80@example.com",
            "type": "user",
            "secret": null,
            "website": null,
            "affiliation": null,
            "country": null,
            "bracket": null,
            "hidden": 0,
            "banned": 0,
            "verified": 0,
            "team_id": null,
            "created": "2023-09-05T08:00:40.679288",
            "language": null
        },
        {
            "id": 82,
            "oauth_id": null,
            "name": "player81",
            "password": "$bcrypt-sha256$v=2,t=2b,r=12$WciiKSjDeGf9C9a6.yUc5O$HqYRRqazbtEdF5ih7ww9PJ7BCCFzswq",
            "email": "player81@example.com",
            "type": "user",
            "secret": null,
            "website": null,
            "affiliation": null,
            "country": null,
            "bracket": null,
            "hidden": 0,
            "banned": 0,
            "verified": 0,
            "team_id": null,
            "created": "2023-09-05T08:00:40.921017",
            "language": null
        },
        {
            "id": 83,
            "oauth_id": null,
            "name": "player82",
            "password": "$bcrypt-sha256$v=2,t=2b,r=12$krRZvTxcmn8l/aHUNQk1pO$PPjSx5XtQmIeHTUwcmT657DaB1zJX5y",
            "email": "player82@example.com",
            "type": "user",
            "secret": null,
            "website": null,
            "affiliation": null,
            "country": null,
            "bracket": null,
            "hidden": 0,
            "banned": 0,
            "verified": 0,
            "team_id": null,
            "created": "2023-09-05T08:00:41.162669",
            "language": null
        },
        {
            "id": 84,
            "oauth_id": null,
            "name": "player83",
            "password": "$bcrypt-sha256$v=2,t=2b,r=12$qfsQJTr6CYwCqNu2ZiWjrO$4LkbeWWVKPszpLzo6ehhSsl65oZHfhG",
            "email": "player83@example.com",
            "type": "user",
            "secret": null,
            "website": null,
            "affiliation": null,
            "country": null,
            "bracket": null,
            "hidden": 0,
            "banned": 0,
            "verified": 0,
            "team_id": null,
            "created": "2023-09-05T08:00:41.404413",
            "language": null
        },
        {
            "id": 85,
            "oauth_id": null,
            "name": "player84",
            "password": "$bcrypt-sha256$v=2,t=2b,r=12$3jd7u9XCEvdTbAEHXFjN9O$tnRJzh.Jib0V/TnymgbUzkhOWU2S6DS",
            "email": "player84@example.com",
            "type": "user",
            "secret": null,
            "website": null,
            "affiliation": null,
            "country": null,
            "bracket": null,
            "hidden": 0,
            "banned": 0,
            "verified": 0,
            "team_id": null,
            "created": "2023-09-05T08:00:41.646151",
            "language": null
        },
        {
            "id": 86,
            "oauth_id": null,
            "name": "player85",
            "password": "$bcrypt-sha256$v=2,t=2b,r=12$11xVf/Dnckzf7tc0kvPeru$1y6kPxftVOPyiowgt8IP.GLQ7waLIP2",
            "email": "player85@example.com",
            "type": "user",
            "secret": null,
            "website": null,
            "affiliation": null,
            "country": null,
            "bracket": null,
            "hidden": 0,
            "banned": 0,
            "verified": 0,
            "team_id": null,
            "created": "2023-09-05T08:00:41.887900",
            "language": null
        },
        {
            "id": 87,
            "oauth_id": null,
            "name": "player86",
            "password": "$bcrypt-sha256$v=2,t=2b,r=12$Bv6vraWWVWvuh2uAQsMES.$mfHMBvJMOJ1GlxQ6TTdoXWjuAv435Q6",
            "email": "player86@example.com",
            "type": "user",
            "secret": null,
            "website": null,
            "affiliation": null,
            "country": null,
            "bracket": null,
            "hidden": 0,
            "banned": 0,
            "verified": 0,
            "team_id": null,
            "created": "2023-09-05T08:00:42.129594",
            "language": null
        },
        {
            "id": 88,
            "oauth_id": null,
            "name": "player87",
            "password": "$bcrypt-sha256$v=2,t=2b,r=12$dm6OVeolhKYbwE894N5c9O$qXVTMGj5gDFAjHP7swBcnUU7MPaXmcu",
            "email": "player87@example.com",
            "type": "user",
            "secret": null,
            "website": null,
            "affiliation": null,
            "country": null,
            "bracket": null,
            "hidden": 0,
            "banned": 0,
            "verified": 0,
            "team_id": null,
            "created": "2023-09-05T08:00:42.371184",
            "language": null
        },
        {
            "id": 89,
            "oauth_id": null,
            "name": "player88",
            "password": "$bcrypt-sha256$v=2,t=2b,r=12$CcmgXynYebJkZ3Z0Fwsx6O$TWmyEtomcnoos2u.IuJjgzFp939n35i",
            "email": "player88@example.com",
            "type": "user",
            "secret": null,
            "website": null,
            "affiliation": null,
            "country": null,
            "bracket": null,
            "hidden": 0,
            "banned": 0,
            "verified": 0,
            "team_id": null,
            "created": "2023-09-05T08:00:42.631963",
            "language": null
        },
        {
            "id": 90,
            "oauth_id": null,
            "name": "player89",
            "password": "$bcrypt-sha256$v=2,t=2b,r=12$.TThGHOsyiW8zZsO1xNDie$oVwa5P5yly7RKsaDZZWHfpn5qsphj9y",
            "email": "player89@example.com",
            "type": "user",
            "secret": null,
            "website": null,
            "affiliation": null,
            "country": null,
            "bracket": null,
            "hidden": 0,
            "banned": 0,
            "verified": 0,
            "team_id": null,
            "created": "2023-09-05T08:00:42.878408",
            "language": null
        },
        {
            "id": 91,
            "oauth_id": null,
            "name": "player90",
            "password": "$bcrypt-sha256$v=2,t=2b,r=12$Y4iSX5f4iYTxfDBQOMjsR.$P6aendrT0QMVhTuggz06pQV03sm7xrO",
            "email": "player90@example.com",
            "type": "user",
            "secret": null,
            "website": null,
            "affiliation": null,
            "country": null,
            "bracket": null,
            "hidden": 0,
            "banned": 0,
            "verified": 0,
            "team_id": null,
            "created": "2023-09-05T08:00:43.120700",
            "language": null
        },
        {
            "id": 92,
            "oauth_id": null,
            "name": "player91",
            "password": "$bcrypt-sha256$v=2,t=2b,r=12$QrRozFqwpQw9P23sXv0zBu$sp99gXZPl1t9./kb.Cws/Wiz/uRsUlu",
            "email": "player91@example.com",
            "type": "user",
            "secret": null,
            "website": null,
            "affiliation": null,
            "country": null,
            "bracket": null,
            "hidden": 0,
            "banned": 0,
            "verified": 0,
            "team_id": null,
            "created": "2023-09-05T08:00:43.362674",
            "language": null
        },
        {
            "id": 93,
            "oauth_id": null,
            "name": "player92",
            "password": "$bcrypt-sha256$v=2,t=2b,r=12$TZ00Ss5SdKaegDb7rMy8K.$e14SGWROmvDTBo06Ho6h/SX2m/mHJvW",
            "email": "player92@example.com",
            "type": "user",
            "secret": null,
            "website": null,
            "affiliation": null,
            "country": null,
            "bracket": null,
            "hidden": 0,
            "banned": 0,
            "verified": 0,
            "team_id": null,
            "created": "2023-09-05T08:00:43.604415",
            "language": null
        },
        {
            "id": 94,
            "oauth_id": null,
            "name": "player93",
            "password": "$bcrypt-sha256$v=2,t=2b,r=12$iy55hl0LJjbSlkf0ETExXO$F1NWxz0ygCvRYMACYBZ1SpVWddshwMe",
            "email": "player93@example.com",
            "type": "user",
            "secret": null,
            "website": null,
            "affiliation": null,
            "country": null,
            "bracket": null,
            "hidden": 0,
            "banned": 0,
            "verified": 0,
            "team_id": null,
            "created": "2023-09-05T08:00:43.846339",
            "language": null
        },
        {
            "id": 95,
            "oauth_id": null,
            "name": "player94",
            "password": "$bcrypt-sha256$v=2,t=2b,r=12$V9lpsaFFoqvxf6P2JxHNpO$pTPfNz.W6stRMpURernOt6AS.pvwDTC",
            "email": "player94@example.com",
            "type": "user",
            "secret": null,
            "website": null,
            "affiliation": null,
            "country": null,
            "bracket": null,
            "hidden": 0,
            "banned": 0,
            "verified": 0,
            "team_id": null,
            "created": "2023-09-05T08:00:44.088428",
            "language": null
        },
        {
            "id": 96,
            "oauth_id": null,
            "name": "player95",
            "password": "$bcrypt-sha256$v=2,t=2b,r=12$VqREJJDAvrAQm2WBURrw2.$QFILL3CP24SYQEyc1kjN8tzbNdFuIh2",
            "email": "player95@example.com",
            "type": "user",
            "secret": null,
            "website": null,
            "affiliation": null,
            "country": null,
            "bracket": null,
            "hidden": 0,
            "banned": 0,
            "verified": 0,
            "team_id": null,
            "created": "2023-09-05T08:00:44.330984",
            "language": null
        },
        {
            "id": 97,
            "oauth_id": null,
            "name": "player96",
            "password": "$bcrypt-sha256$v=2,t=2b,r=12$vNn.Ng.QFPf0NKiiofZWpO$AA0J411tDyhpTpByEIV2ggOeWnMDDP.",
            "email": "player96@example.com",
            "type": "user",
            "secret": null,
            "website": null,
            "affiliation": null,
            "country": null,
            "bracket": null,
            "hidden": 0,
            "banned": 0,
            "verified": 0,
            "team_id": null,
            "created": "2023-09-05T08:00:44.573673",
            "language": null
        },
        {
            "id": 98,
            "oauth_id": null,
            "name": "player97",
            "password": "$bcrypt-sha256$v=2,t=2b,r=12$i0THrjUEXzUFw1XEG/k4JO$AWGzloUso5yeW5TlXLblI/TBah9Tqui",
            "email": "player97@example.com",
            "type": "user",
            "secret": null,
            "website": null,
            "affiliation": null,
            "country": null,
            "bracket": null,
            "hidden": 0,
            "banned": 0,
            "verified": 0,
            "team_id": null,
            "created": "2023-09-05T08:00:44.815668",
            "language": null
        },
        {
            "id": 99,
            "oauth_id": null,
            "name": "player98",
            "password": "$bcrypt-sha256$v=2,t=2b,r=12$f1HumZsbytE2Kz/HO4YpH.$Gp8BuKnpivcXv3tS77ouZ93Cd/slLDC",
            "email": "player98@example.com",
            "type": "user",
            "secret": null,
            "website": null,
            "affiliation": null,
            "country": null,
            "bracket": null,
            "hidden": 0,
            "banned": 0,
            "verified": 0,
            "team_id": null,
            "created": "2023-09-05T08:00:45.057773",
            "language": null
        },
        {
            "id": 100,
            "oauth_id": null,
            "name": "player99",
            "password": "$bcrypt-sha256$v=2,t=2b,r=12$XYxItOdlDjyOxMqEtLCdje$qQ/96ecP8RUYCeIrksrRV8YPocPMOYi",
            "email": "player99@example.com",
            "type": "user",
            "secret": null,
            "website": null,
            "affiliation": null,
            "country": null,
            "bracket": null,
            "hidden": 0,
            "banned": 0,
            "verified": 0,
            "team_id": null,
            "created": "2023-09-05T08:00:45.303095",
            "language": null
        },
        {
            "id": 101,
            "oauth_id": null,
            "name": "player100",
            "password": "$bcrypt-sha256$v=2,t=2b,r=12$/BUWHZUj/xGWLzy7jbuf9.$3zSLzQf/DI9YhGQJzn/7.IS8htBFk6q",
            "email": "player100@example.com",
            "type": "user",
            "secret": null,
            "website": null,
            "affiliation": null,
            "country": null,
            "bracket": null,
            "hidden": 0,
            "banned": 0,
            "verified": 0,
            "team_id": null,
            "created": "2023-09-05T08:00:45.549413",
            "language": null
        }
    ]
}
