{
    "count": 101,
    "results": [
        {
            "id": 1,
            "oauth_id": null,
            "name": "admin",
            "password": "$bcrypt-sha256$v=2,t=2b,r=12$Tq/r2shlwfxa.kltiz191.$vbZRJMlHku.UCkgm0zYGpjpXRNqzF.e",
            "email": "green@redhat.com",
            "type": "admin",
            "secret": null,
            "website": null,
            "affiliation": null,
            "country": null,
            "bracket": null,
            "hidden": 1,
            "banned": 0,
            "verified": 0,
            "team_id": null,
            "created": "2023-09-07T08:19:49.693466",
            "language": null
        },
        {
            "id": 2,
            "oauth_id": null,
            "name": "player1",
            "password": "$bcrypt-sha256$v=2,t=2b,r=12$/Li4E5LAhnFShZsaM7tYwO$Cuv2kN5jrMzNTKOhGe8r0W/8ANGoQ.G",
            "email": "player1@example.com",
            "type": "user",
            "secret": null,
            "website": null,
            "affiliation": null,
            "country": null,
            "bracket": null,
            "hidden": 0,
            "banned": 0,
            "verified": 0,
            "team_id": null,
            "created": "2023-09-07T08:19:49.936062",
            "language": null
        },
        {
            "id": 3,
            "oauth_id": null,
            "name": "player2",
            "password": "$bcrypt-sha256$v=2,t=2b,r=12$QZJLguBjAysIO0sPjjQAnO$610IrYMCrnqfEwnX7Qs8mXHIA2iK6BC",
            "email": "player2@example.com",
            "type": "user",
            "secret": null,
            "website": null,
            "affiliation": null,
            "country": null,
            "bracket": null,
            "hidden": 0,
            "banned": 0,
            "verified": 0,
            "team_id": null,
            "created": "2023-09-07T08:19:50.178221",
            "language": null
        },
        {
            "id": 4,
            "oauth_id": null,
            "name": "player3",
            "password": "$bcrypt-sha256$v=2,t=2b,r=12$t4E8QUknI0S1L722Wl/zQO$tRHyAxNgclvSb2bOe8WC0XtM/PVJWkG",
            "email": "player3@example.com",
            "type": "user",
            "secret": null,
            "website": null,
            "affiliation": null,
            "country": null,
            "bracket": null,
            "hidden": 0,
            "banned": 0,
            "verified": 0,
            "team_id": null,
            "created": "2023-09-07T08:19:50.421867",
            "language": null
        },
        {
            "id": 5,
            "oauth_id": null,
            "name": "player4",
            "password": "$bcrypt-sha256$v=2,t=2b,r=12$WVLCkBWVt3Dtu/aERU1F.e$XCghQYOBzOQxB0tI0NcPZqrpLv/HGbG",
            "email": "player4@example.com",
            "type": "user",
            "secret": null,
            "website": null,
            "affiliation": null,
            "country": null,
            "bracket": null,
            "hidden": 0,
            "banned": 0,
            "verified": 0,
            "team_id": null,
            "created": "2023-09-07T08:19:50.664607",
            "language": null
        },
        {
            "id": 6,
            "oauth_id": null,
            "name": "player5",
            "password": "$bcrypt-sha256$v=2,t=2b,r=12$KkDkaD5O7z/RYeSpX3CnBO$ejYNbj7Il8Tk1iIJO5QTlMS0v//kKii",
            "email": "player5@example.com",
            "type": "user",
            "secret": null,
            "website": null,
            "affiliation": null,
            "country": null,
            "bracket": null,
            "hidden": 0,
            "banned": 0,
            "verified": 0,
            "team_id": null,
            "created": "2023-09-07T08:19:50.906699",
            "language": null
        },
        {
            "id": 7,
            "oauth_id": null,
            "name": "player6",
            "password": "$bcrypt-sha256$v=2,t=2b,r=12$7yJkyz5zaWGzjbVrG255Vu$t8BhHkDW2QookT.fzaw9pX4OpaBVMRG",
            "email": "player6@example.com",
            "type": "user",
            "secret": null,
            "website": null,
            "affiliation": null,
            "country": null,
            "bracket": null,
            "hidden": 0,
            "banned": 0,
            "verified": 0,
            "team_id": null,
            "created": "2023-09-07T08:19:51.148380",
            "language": null
        },
        {
            "id": 8,
            "oauth_id": null,
            "name": "player7",
            "password": "$bcrypt-sha256$v=2,t=2b,r=12$LVuZV0yteDfo80aKfm3Rhe$.PNfdsTx9MkkqkRqgSgDiyeyaJupqDK",
            "email": "player7@example.com",
            "type": "user",
            "secret": null,
            "website": null,
            "affiliation": null,
            "country": null,
            "bracket": null,
            "hidden": 0,
            "banned": 0,
            "verified": 0,
            "team_id": null,
            "created": "2023-09-07T08:19:51.390456",
            "language": null
        },
        {
            "id": 9,
            "oauth_id": null,
            "name": "player8",
            "password": "$bcrypt-sha256$v=2,t=2b,r=12$E/gogQzZFOb.DrVQQQ/lWO$koCSnJr37GCE45Gdaj9pMrHiwvM5a3y",
            "email": "player8@example.com",
            "type": "user",
            "secret": null,
            "website": null,
            "affiliation": null,
            "country": null,
            "bracket": null,
            "hidden": 0,
            "banned": 0,
            "verified": 0,
            "team_id": null,
            "created": "2023-09-07T08:19:51.632213",
            "language": null
        },
        {
            "id": 10,
            "oauth_id": null,
            "name": "player9",
            "password": "$bcrypt-sha256$v=2,t=2b,r=12$mBSgpiIuvEpODxk/kSdiaO$/tF2j.Y0IBhXvCz0i89KEV.7I36xswe",
            "email": "player9@example.com",
            "type": "user",
            "secret": null,
            "website": null,
            "affiliation": null,
            "country": null,
            "bracket": null,
            "hidden": 0,
            "banned": 0,
            "verified": 0,
            "team_id": null,
            "created": "2023-09-07T08:19:51.874000",
            "language": null
        },
        {
            "id": 11,
            "oauth_id": null,
            "name": "player10",
            "password": "$bcrypt-sha256$v=2,t=2b,r=12$8Q1PWSEQu5O6Q.YlFJWnw.$GufnwfFMK4W70JWMGXfg/fzxB1sOB96",
            "email": "player10@example.com",
            "type": "user",
            "secret": null,
            "website": null,
            "affiliation": null,
            "country": null,
            "bracket": null,
            "hidden": 0,
            "banned": 0,
            "verified": 0,
            "team_id": null,
            "created": "2023-09-07T08:19:52.115642",
            "language": null
        },
        {
            "id": 12,
            "oauth_id": null,
            "name": "player11",
            "password": "$bcrypt-sha256$v=2,t=2b,r=12$5OohTulZtkGlGbGoo7gQWO$v/FhYndPgntKEjXCunlV7v/AlV.brJm",
            "email": "player11@example.com",
            "type": "user",
            "secret": null,
            "website": null,
            "affiliation": null,
            "country": null,
            "bracket": null,
            "hidden": 0,
            "banned": 0,
            "verified": 0,
            "team_id": null,
            "created": "2023-09-07T08:19:52.357353",
            "language": null
        },
        {
            "id": 13,
            "oauth_id": null,
            "name": "player12",
            "password": "$bcrypt-sha256$v=2,t=2b,r=12$glaiu34NxZCsins/aGBtPO$XaVjJHBMOfgmFgN86FsXDXwOq6JeJKa",
            "email": "player12@example.com",
            "type": "user",
            "secret": null,
            "website": null,
            "affiliation": null,
            "country": null,
            "bracket": null,
            "hidden": 0,
            "banned": 0,
            "verified": 0,
            "team_id": null,
            "created": "2023-09-07T08:19:52.598926",
            "language": null
        },
        {
            "id": 14,
            "oauth_id": null,
            "name": "player13",
            "password": "$bcrypt-sha256$v=2,t=2b,r=12$2d08J0pjK/gMFnDgl4tYB.$7ikz87UqWFp77WyU5G3uzlI4fbKZ0Uy",
            "email": "player13@example.com",
            "type": "user",
            "secret": null,
            "website": null,
            "affiliation": null,
            "country": null,
            "bracket": null,
            "hidden": 0,
            "banned": 0,
            "verified": 0,
            "team_id": null,
            "created": "2023-09-07T08:19:52.840531",
            "language": null
        },
        {
            "id": 15,
            "oauth_id": null,
            "name": "player14",
            "password": "$bcrypt-sha256$v=2,t=2b,r=12$E3wQTPSZ8yrLEUkjIiqk2u$hxO2AwdiACCyruhn37cXadk2Tq.KU1q",
            "email": "player14@example.com",
            "type": "user",
            "secret": null,
            "website": null,
            "affiliation": null,
            "country": null,
            "bracket": null,
            "hidden": 0,
            "banned": 0,
            "verified": 0,
            "team_id": null,
            "created": "2023-09-07T08:19:53.082279",
            "language": null
        },
        {
            "id": 16,
            "oauth_id": null,
            "name": "player15",
            "password": "$bcrypt-sha256$v=2,t=2b,r=12$zAPvZV7tHbisxf280wzqYO$QxRq81dEIHKZ16nI1AyQTXDwlSK3kuW",
            "email": "player15@example.com",
            "type": "user",
            "secret": null,
            "website": null,
            "affiliation": null,
            "country": null,
            "bracket": null,
            "hidden": 0,
            "banned": 0,
            "verified": 0,
            "team_id": null,
            "created": "2023-09-07T08:19:53.325079",
            "language": null
        },
        {
            "id": 17,
            "oauth_id": null,
            "name": "player16",
            "password": "$bcrypt-sha256$v=2,t=2b,r=12$N4Yw5XwhL/TC/hh/pHC/9e$eqVT0KHTOUSxjOku9O.untUbyhVm2zK",
            "email": "player16@example.com",
            "type": "user",
            "secret": null,
            "website": null,
            "affiliation": null,
            "country": null,
            "bracket": null,
            "hidden": 0,
            "banned": 0,
            "verified": 0,
            "team_id": null,
            "created": "2023-09-07T08:19:53.566736",
            "language": null
        },
        {
            "id": 18,
            "oauth_id": null,
            "name": "player17",
            "password": "$bcrypt-sha256$v=2,t=2b,r=12$1Yz2C1t0B7RlqlZTngefhO$F/o3kLBD3738lLQ76TPrw5rtlLUKOgW",
            "email": "player17@example.com",
            "type": "user",
            "secret": null,
            "website": null,
            "affiliation": null,
            "country": null,
            "bracket": null,
            "hidden": 0,
            "banned": 0,
            "verified": 0,
            "team_id": null,
            "created": "2023-09-07T08:19:53.808404",
            "language": null
        },
        {
            "id": 19,
            "oauth_id": null,
            "name": "player18",
            "password": "$bcrypt-sha256$v=2,t=2b,r=12$0YgGCNKVtilct5YuGg1Tcu$OMu2FSBjk5fG20Gal5HVyCKdxqQ2xhS",
            "email": "player18@example.com",
            "type": "user",
            "secret": null,
            "website": null,
            "affiliation": null,
            "country": null,
            "bracket": null,
            "hidden": 0,
            "banned": 0,
            "verified": 0,
            "team_id": null,
            "created": "2023-09-07T08:19:54.050261",
            "language": null
        },
        {
            "id": 20,
            "oauth_id": null,
            "name": "player19",
            "password": "$bcrypt-sha256$v=2,t=2b,r=12$zo9CepNZPOnNbnlQwoHeL.$O6t.TWnyIQxBMiPWC4WKy9/uJPQuACu",
            "email": "player19@example.com",
            "type": "user",
            "secret": null,
            "website": null,
            "affiliation": null,
            "country": null,
            "bracket": null,
            "hidden": 0,
            "banned": 0,
            "verified": 0,
            "team_id": null,
            "created": "2023-09-07T08:19:54.292138",
            "language": null
        },
        {
            "id": 21,
            "oauth_id": null,
            "name": "player20",
            "password": "$bcrypt-sha256$v=2,t=2b,r=12$Wx3m/5oA5NLwgQiy806Inu$VJqwdLuqc96hI2G0w2S6pI5Jyl40FUe",
            "email": "player20@example.com",
            "type": "user",
            "secret": null,
            "website": null,
            "affiliation": null,
            "country": null,
            "bracket": null,
            "hidden": 0,
            "banned": 0,
            "verified": 0,
            "team_id": null,
            "created": "2023-09-07T08:19:54.533737",
            "language": null
        },
        {
            "id": 22,
            "oauth_id": null,
            "name": "player21",
            "password": "$bcrypt-sha256$v=2,t=2b,r=12$3GPDC17yThVcwX8YPzr.1u$lnLeyIcIaUvyBXGx1vYD33Lu3ijcgNm",
            "email": "player21@example.com",
            "type": "user",
            "secret": null,
            "website": null,
            "affiliation": null,
            "country": null,
            "bracket": null,
            "hidden": 0,
            "banned": 0,
            "verified": 0,
            "team_id": null,
            "created": "2023-09-07T08:19:54.775319",
            "language": null
        },
        {
            "id": 23,
            "oauth_id": null,
            "name": "player22",
            "password": "$bcrypt-sha256$v=2,t=2b,r=12$MsgXHIPcm4YRCCxUjF30hO$eNu8XqZvSt0Vxw1dkvhTa6urDrt2aEm",
            "email": "player22@example.com",
            "type": "user",
            "secret": null,
            "website": null,
            "affiliation": null,
            "country": null,
            "bracket": null,
            "hidden": 0,
            "banned": 0,
            "verified": 0,
            "team_id": null,
            "created": "2023-09-07T08:19:55.017033",
            "language": null
        },
        {
            "id": 24,
            "oauth_id": null,
            "name": "player23",
            "password": "$bcrypt-sha256$v=2,t=2b,r=12$dHCjEP1K4faqriSZWTCNhO$6/Kaq9soaTfFkLwXy6W8isJYEcYbJ4.",
            "email": "player23@example.com",
            "type": "user",
            "secret": null,
            "website": null,
            "affiliation": null,
            "country": null,
            "bracket": null,
            "hidden": 0,
            "banned": 0,
            "verified": 0,
            "team_id": null,
            "created": "2023-09-07T08:19:55.259850",
            "language": null
        },
        {
            "id": 25,
            "oauth_id": null,
            "name": "player24",
            "password": "$bcrypt-sha256$v=2,t=2b,r=12$AYPA/OB5P2d8AhP2.NTILO$nyQnHZnOKuXLiEqgfrkccnPn1hF9arq",
            "email": "player24@example.com",
            "type": "user",
            "secret": null,
            "website": null,
            "affiliation": null,
            "country": null,
            "bracket": null,
            "hidden": 0,
            "banned": 0,
            "verified": 0,
            "team_id": null,
            "created": "2023-09-07T08:19:55.502063",
            "language": null
        },
        {
            "id": 26,
            "oauth_id": null,
            "name": "player25",
            "password": "$bcrypt-sha256$v=2,t=2b,r=12$tvybY1fu15svoixhrmzXQO$6X1N1FAoQj7JYTmXGVBbJK5AuVwiXB.",
            "email": "player25@example.com",
            "type": "user",
            "secret": null,
            "website": null,
            "affiliation": null,
            "country": null,
            "bracket": null,
            "hidden": 0,
            "banned": 0,
            "verified": 0,
            "team_id": null,
            "created": "2023-09-07T08:19:55.744108",
            "language": null
        },
        {
            "id": 27,
            "oauth_id": null,
            "name": "player26",
            "password": "$bcrypt-sha256$v=2,t=2b,r=12$c1Cv6QM58R/Lgoun3QLeHe$6E9eKuLTGeI6zKegqOCgCbv5FwTkV4e",
            "email": "player26@example.com",
            "type": "user",
            "secret": null,
            "website": null,
            "affiliation": null,
            "country": null,
            "bracket": null,
            "hidden": 0,
            "banned": 0,
            "verified": 0,
            "team_id": null,
            "created": "2023-09-07T08:19:55.986301",
            "language": null
        },
        {
            "id": 28,
            "oauth_id": null,
            "name": "player27",
            "password": "$bcrypt-sha256$v=2,t=2b,r=12$JNVt2JRJo8fVSzaYa6imhu$KAyAWpXnUqP7WGqgKe1wh1McntE0UKi",
            "email": "player27@example.com",
            "type": "user",
            "secret": null,
            "website": null,
            "affiliation": null,
            "country": null,
            "bracket": null,
            "hidden": 0,
            "banned": 0,
            "verified": 0,
            "team_id": null,
            "created": "2023-09-07T08:19:56.228259",
            "language": null
        },
        {
            "id": 29,
            "oauth_id": null,
            "name": "player28",
            "password": "$bcrypt-sha256$v=2,t=2b,r=12$8fWpRd6blmLHyB7ZD9SV9u$w2nqBy0y9SidLX7ybT3nSsjLGPlt002",
            "email": "player28@example.com",
            "type": "user",
            "secret": null,
            "website": null,
            "affiliation": null,
            "country": null,
            "bracket": null,
            "hidden": 0,
            "banned": 0,
            "verified": 0,
            "team_id": null,
            "created": "2023-09-07T08:19:56.470083",
            "language": null
        },
        {
            "id": 30,
            "oauth_id": null,
            "name": "player29",
            "password": "$bcrypt-sha256$v=2,t=2b,r=12$13Ka9AgvGgzYWbBqGRyg2O$oRvG4HMifyDi6JmAq9i4UXWW1MFaDo6",
            "email": "player29@example.com",
            "type": "user",
            "secret": null,
            "website": null,
            "affiliation": null,
            "country": null,
            "bracket": null,
            "hidden": 0,
            "banned": 0,
            "verified": 0,
            "team_id": null,
            "created": "2023-09-07T08:19:56.712049",
            "language": null
        },
        {
            "id": 31,
            "oauth_id": null,
            "name": "player30",
            "password": "$bcrypt-sha256$v=2,t=2b,r=12$e7o/Gr5nU9I/Qu9btS5m5u$JnlLUP9c5LM2p2Sud.MAyqqnPgIPFKO",
            "email": "player30@example.com",
            "type": "user",
            "secret": null,
            "website": null,
            "affiliation": null,
            "country": null,
            "bracket": null,
            "hidden": 0,
            "banned": 0,
            "verified": 0,
            "team_id": null,
            "created": "2023-09-07T08:19:56.954822",
            "language": null
        },
        {
            "id": 32,
            "oauth_id": null,
            "name": "player31",
            "password": "$bcrypt-sha256$v=2,t=2b,r=12$V66GIFAnxurQdOJI96KHPe$37hIkuEHMU5C9QUca3UywtUjL0HjbUS",
            "email": "player31@example.com",
            "type": "user",
            "secret": null,
            "website": null,
            "affiliation": null,
            "country": null,
            "bracket": null,
            "hidden": 0,
            "banned": 0,
            "verified": 0,
            "team_id": null,
            "created": "2023-09-07T08:19:57.197192",
            "language": null
        },
        {
            "id": 33,
            "oauth_id": null,
            "name": "player32",
            "password": "$bcrypt-sha256$v=2,t=2b,r=12$Y7UO.HEYjAa8QQ3J0F732u$7D43iMcShcHvocSmRrAAUHltCoCSrZG",
            "email": "player32@example.com",
            "type": "user",
            "secret": null,
            "website": null,
            "affiliation": null,
            "country": null,
            "bracket": null,
            "hidden": 0,
            "banned": 0,
            "verified": 0,
            "team_id": null,
            "created": "2023-09-07T08:19:57.439153",
            "language": null
        },
        {
            "id": 34,
            "oauth_id": null,
            "name": "player33",
            "password": "$bcrypt-sha256$v=2,t=2b,r=12$ToM51fjv9YmunNQF3.miz.$Btn3sAHfN2CEgtkfAnshUe9xQ6vddXy",
            "email": "player33@example.com",
            "type": "user",
            "secret": null,
            "website": null,
            "affiliation": null,
            "country": null,
            "bracket": null,
            "hidden": 0,
            "banned": 0,
            "verified": 0,
            "team_id": null,
            "created": "2023-09-07T08:19:57.683792",
            "language": null
        },
        {
            "id": 35,
            "oauth_id": null,
            "name": "player34",
            "password": "$bcrypt-sha256$v=2,t=2b,r=12$StsaoVyPmXuR52owya5ZOu$xQvirGZYFgu6yl.2AkVnOYKyFcZv566",
            "email": "player34@example.com",
            "type": "user",
            "secret": null,
            "website": null,
            "affiliation": null,
            "country": null,
            "bracket": null,
            "hidden": 0,
            "banned": 0,
            "verified": 0,
            "team_id": null,
            "created": "2023-09-07T08:19:57.935825",
            "language": null
        },
        {
            "id": 36,
            "oauth_id": null,
            "name": "player35",
            "password": "$bcrypt-sha256$v=2,t=2b,r=12$hBgGo4nsIcIkTUXHqcSf8u$S/YRsYcyoPRI7ZvIhZLLxzn8CeeE0gG",
            "email": "player35@example.com",
            "type": "user",
            "secret": null,
            "website": null,
            "affiliation": null,
            "country": null,
            "bracket": null,
            "hidden": 0,
            "banned": 0,
            "verified": 0,
            "team_id": null,
            "created": "2023-09-07T08:19:58.178479",
            "language": null
        },
        {
            "id": 37,
            "oauth_id": null,
            "name": "player36",
            "password": "$bcrypt-sha256$v=2,t=2b,r=12$PZweLaVMQyPvFfKj7gUxJ.$mVWjOes.g.Y/.afQionuIvk8QF1Id3G",
            "email": "player36@example.com",
            "type": "user",
            "secret": null,
            "website": null,
            "affiliation": null,
            "country": null,
            "bracket": null,
            "hidden": 0,
            "banned": 0,
            "verified": 0,
            "team_id": null,
            "created": "2023-09-07T08:19:58.421391",
            "language": null
        },
        {
            "id": 38,
            "oauth_id": null,
            "name": "player37",
            "password": "$bcrypt-sha256$v=2,t=2b,r=12$eBrAismS3qBCXsSVYauDJO$PmZZHjx3J1Oap2EQil9UrTQhOXLKWUe",
            "email": "player37@example.com",
            "type": "user",
            "secret": null,
            "website": null,
            "affiliation": null,
            "country": null,
            "bracket": null,
            "hidden": 0,
            "banned": 0,
            "verified": 0,
            "team_id": null,
            "created": "2023-09-07T08:19:58.665268",
            "language": null
        },
        {
            "id": 39,
            "oauth_id": null,
            "name": "player38",
            "password": "$bcrypt-sha256$v=2,t=2b,r=12$NvV76mF5.RCHs6/aOExRPO$G4uIKIIMziPXPXRuwTSKrdnYVrz7Ieq",
            "email": "player38@example.com",
            "type": "user",
            "secret": null,
            "website": null,
            "affiliation": null,
            "country": null,
            "bracket": null,
            "hidden": 0,
            "banned": 0,
            "verified": 0,
            "team_id": null,
            "created": "2023-09-07T08:19:58.907594",
            "language": null
        },
        {
            "id": 40,
            "oauth_id": null,
            "name": "player39",
            "password": "$bcrypt-sha256$v=2,t=2b,r=12$L73ocjJQqhiqXMZq0bKUQO$/lpWXPOolgnqKUbJZuNJHWz8kQGQTK2",
            "email": "player39@example.com",
            "type": "user",
            "secret": null,
            "website": null,
            "affiliation": null,
            "country": null,
            "bracket": null,
            "hidden": 0,
            "banned": 0,
            "verified": 0,
            "team_id": null,
            "created": "2023-09-07T08:19:59.149611",
            "language": null
        },
        {
            "id": 41,
            "oauth_id": null,
            "name": "player40",
            "password": "$bcrypt-sha256$v=2,t=2b,r=12$Q93yEVIpPs8tiOJ/lNL1Ce$CIGHpxfaSKACaFfq4mmRQrQGZbrqhga",
            "email": "player40@example.com",
            "type": "user",
            "secret": null,
            "website": null,
            "affiliation": null,
            "country": null,
            "bracket": null,
            "hidden": 0,
            "banned": 0,
            "verified": 0,
            "team_id": null,
            "created": "2023-09-07T08:19:59.391776",
            "language": null
        },
        {
            "id": 42,
            "oauth_id": null,
            "name": "player41",
            "password": "$bcrypt-sha256$v=2,t=2b,r=12$ryXoplCfsAQyzrbGiyHrx.$ujhi.Zqsw0Wv1/.3WlvXSMBuJHiMzae",
            "email": "player41@example.com",
            "type": "user",
            "secret": null,
            "website": null,
            "affiliation": null,
            "country": null,
            "bracket": null,
            "hidden": 0,
            "banned": 0,
            "verified": 0,
            "team_id": null,
            "created": "2023-09-07T08:19:59.633649",
            "language": null
        },
        {
            "id": 43,
            "oauth_id": null,
            "name": "player42",
            "password": "$bcrypt-sha256$v=2,t=2b,r=12$6Ru8kQ/FpnTobl8M4dEN8.$C13p7AqRnyuym92dRtq6Ju1K7zqSPZG",
            "email": "player42@example.com",
            "type": "user",
            "secret": null,
            "website": null,
            "affiliation": null,
            "country": null,
            "bracket": null,
            "hidden": 0,
            "banned": 0,
            "verified": 0,
            "team_id": null,
            "created": "2023-09-07T08:19:59.875363",
            "language": null
        },
        {
            "id": 44,
            "oauth_id": null,
            "name": "player43",
            "password": "$bcrypt-sha256$v=2,t=2b,r=12$/pe5rYzqLXVcFrcARxcKwO$Xg4/ym7ajomD2NLmyTCoIvAOiAkE1NK",
            "email": "player43@example.com",
            "type": "user",
            "secret": null,
            "website": null,
            "affiliation": null,
            "country": null,
            "bracket": null,
            "hidden": 0,
            "banned": 0,
            "verified": 0,
            "team_id": null,
            "created": "2023-09-07T08:20:00.117846",
            "language": null
        },
        {
            "id": 45,
            "oauth_id": null,
            "name": "player44",
            "password": "$bcrypt-sha256$v=2,t=2b,r=12$6ivI/LGOjTVywYRoO402o.$7eESyWogTEtkG4MAKLV0j71gDjbbEmu",
            "email": "player44@example.com",
            "type": "user",
            "secret": null,
            "website": null,
            "affiliation": null,
            "country": null,
            "bracket": null,
            "hidden": 0,
            "banned": 0,
            "verified": 0,
            "team_id": null,
            "created": "2023-09-07T08:20:00.359873",
            "language": null
        },
        {
            "id": 46,
            "oauth_id": null,
            "name": "player45",
            "password": "$bcrypt-sha256$v=2,t=2b,r=12$Fh/vG4dutFFIApTejLTNKu$E8JAH4SAdrXk/pR0C0e.pmt18q4UNmS",
            "email": "player45@example.com",
            "type": "user",
            "secret": null,
            "website": null,
            "affiliation": null,
            "country": null,
            "bracket": null,
            "hidden": 0,
            "banned": 0,
            "verified": 0,
            "team_id": null,
            "created": "2023-09-07T08:20:00.601943",
            "language": null
        },
        {
            "id": 47,
            "oauth_id": null,
            "name": "player46",
            "password": "$bcrypt-sha256$v=2,t=2b,r=12$Kh1VdQA9NXyoYQs2JQGEpu$9P6MoC5wKTn8n2y/6cSIaE3rhrGZa8a",
            "email": "player46@example.com",
            "type": "user",
            "secret": null,
            "website": null,
            "affiliation": null,
            "country": null,
            "bracket": null,
            "hidden": 0,
            "banned": 0,
            "verified": 0,
            "team_id": null,
            "created": "2023-09-07T08:20:00.844003",
            "language": null
        },
        {
            "id": 48,
            "oauth_id": null,
            "name": "player47",
            "password": "$bcrypt-sha256$v=2,t=2b,r=12$eCB88cciGZRxb.IFoOyJIu$Y/vozadGPWm8rNqXUfH6dIG2ULDmIlK",
            "email": "player47@example.com",
            "type": "user",
            "secret": null,
            "website": null,
            "affiliation": null,
            "country": null,
            "bracket": null,
            "hidden": 0,
            "banned": 0,
            "verified": 0,
            "team_id": null,
            "created": "2023-09-07T08:20:01.086366",
            "language": null
        },
        {
            "id": 49,
            "oauth_id": null,
            "name": "player48",
            "password": "$bcrypt-sha256$v=2,t=2b,r=12$MAZWdXGEemAujiP9SNsmDu$hgI.XHP3UUr4lcOmkCEvMpKeiZG4xXa",
            "email": "player48@example.com",
            "type": "user",
            "secret": null,
            "website": null,
            "affiliation": null,
            "country": null,
            "bracket": null,
            "hidden": 0,
            "banned": 0,
            "verified": 0,
            "team_id": null,
            "created": "2023-09-07T08:20:01.328471",
            "language": null
        },
        {
            "id": 50,
            "oauth_id": null,
            "name": "player49",
            "password": "$bcrypt-sha256$v=2,t=2b,r=12$ZRJ/aIlzFkUSH7GaJ7vnYO$DRo4LJagrMmcQY9NQElAnFlTgUxV4x2",
            "email": "player49@example.com",
            "type": "user",
            "secret": null,
            "website": null,
            "affiliation": null,
            "country": null,
            "bracket": null,
            "hidden": 0,
            "banned": 0,
            "verified": 0,
            "team_id": null,
            "created": "2023-09-07T08:20:01.584926",
            "language": null
        },
        {
            "id": 51,
            "oauth_id": null,
            "name": "player50",
            "password": "$bcrypt-sha256$v=2,t=2b,r=12$d.ihhErMj/A1c8C/mwMGXe$qWFP/PJu9bkyBlMFesJbnhNNJyS3lUy",
            "email": "player50@example.com",
            "type": "user",
            "secret": null,
            "website": null,
            "affiliation": null,
            "country": null,
            "bracket": null,
            "hidden": 0,
            "banned": 0,
            "verified": 0,
            "team_id": null,
            "created": "2023-09-07T08:20:01.838996",
            "language": null
        },
        {
            "id": 52,
            "oauth_id": null,
            "name": "player51",
            "password": "$bcrypt-sha256$v=2,t=2b,r=12$Bum3ptCX1WnkbLAKQ6.1VO$3prpKLJ7pxXWbqoL4694lrt2ofld7Jm",
            "email": "player51@example.com",
            "type": "user",
            "secret": null,
            "website": null,
            "affiliation": null,
            "country": null,
            "bracket": null,
            "hidden": 0,
            "banned": 0,
            "verified": 0,
            "team_id": null,
            "created": "2023-09-07T08:20:02.090379",
            "language": null
        },
        {
            "id": 53,
            "oauth_id": null,
            "name": "player52",
            "password": "$bcrypt-sha256$v=2,t=2b,r=12$WZJb.PbvyXLhjC408yGT8O$MKefL6ctzC1mXY6PFn5npH3FxeQSWvO",
            "email": "player52@example.com",
            "type": "user",
            "secret": null,
            "website": null,
            "affiliation": null,
            "country": null,
            "bracket": null,
            "hidden": 0,
            "banned": 0,
            "verified": 0,
            "team_id": null,
            "created": "2023-09-07T08:20:02.332125",
            "language": null
        },
        {
            "id": 54,
            "oauth_id": null,
            "name": "player53",
            "password": "$bcrypt-sha256$v=2,t=2b,r=12$ik8ZaZg2O4PHFGZ/T.fJ.u$UeISnhdReBkQPLSqlmKRPhBfpeovZjK",
            "email": "player53@example.com",
            "type": "user",
            "secret": null,
            "website": null,
            "affiliation": null,
            "country": null,
            "bracket": null,
            "hidden": 0,
            "banned": 0,
            "verified": 0,
            "team_id": null,
            "created": "2023-09-07T08:20:02.573693",
            "language": null
        },
        {
            "id": 55,
            "oauth_id": null,
            "name": "player54",
            "password": "$bcrypt-sha256$v=2,t=2b,r=12$MRBUVYLz7xKRyxilW/pM3u$QuvQ3s5MFxahCKOpV0YuNl4i8vYEXH.",
            "email": "player54@example.com",
            "type": "user",
            "secret": null,
            "website": null,
            "affiliation": null,
            "country": null,
            "bracket": null,
            "hidden": 0,
            "banned": 0,
            "verified": 0,
            "team_id": null,
            "created": "2023-09-07T08:20:02.815241",
            "language": null
        },
        {
            "id": 56,
            "oauth_id": null,
            "name": "player55",
            "password": "$bcrypt-sha256$v=2,t=2b,r=12$fZx8pl5CdSMvZXsjkWOz.e$kbmj1uQrnpa7mX5JRnUJlMm6clnXXZq",
            "email": "player55@example.com",
            "type": "user",
            "secret": null,
            "website": null,
            "affiliation": null,
            "country": null,
            "bracket": null,
            "hidden": 0,
            "banned": 0,
            "verified": 0,
            "team_id": null,
            "created": "2023-09-07T08:20:03.057271",
            "language": null
        },
        {
            "id": 57,
            "oauth_id": null,
            "name": "player56",
            "password": "$bcrypt-sha256$v=2,t=2b,r=12$X2wsYb6grCNDC2n368M2Le$2JYd93ceAW9i76Heh0KO91YmI64xTWi",
            "email": "player56@example.com",
            "type": "user",
            "secret": null,
            "website": null,
            "affiliation": null,
            "country": null,
            "bracket": null,
            "hidden": 0,
            "banned": 0,
            "verified": 0,
            "team_id": null,
            "created": "2023-09-07T08:20:03.299191",
            "language": null
        },
        {
            "id": 58,
            "oauth_id": null,
            "name": "player57",
            "password": "$bcrypt-sha256$v=2,t=2b,r=12$7s3Ro2ceJrkZmzhKGEu8Re$X1BpxcOmwmi./NpjTrLPhvMkCGp5Yz2",
            "email": "player57@example.com",
            "type": "user",
            "secret": null,
            "website": null,
            "affiliation": null,
            "country": null,
            "bracket": null,
            "hidden": 0,
            "banned": 0,
            "verified": 0,
            "team_id": null,
            "created": "2023-09-07T08:20:03.541085",
            "language": null
        },
        {
            "id": 59,
            "oauth_id": null,
            "name": "player58",
            "password": "$bcrypt-sha256$v=2,t=2b,r=12$jI43lj4WXQrwQZwLm1JKVe$4fRPK6RP7pXStvA7pi6XLLwGalUbaJy",
            "email": "player58@example.com",
            "type": "user",
            "secret": null,
            "website": null,
            "affiliation": null,
            "country": null,
            "bracket": null,
            "hidden": 0,
            "banned": 0,
            "verified": 0,
            "team_id": null,
            "created": "2023-09-07T08:20:03.783097",
            "language": null
        },
        {
            "id": 60,
            "oauth_id": null,
            "name": "player59",
            "password": "$bcrypt-sha256$v=2,t=2b,r=12$ao/krIaLoN8BlHz0abbu3e$IVTYJ9D5r4koiwasArXq9abaJBW1tLm",
            "email": "player59@example.com",
            "type": "user",
            "secret": null,
            "website": null,
            "affiliation": null,
            "country": null,
            "bracket": null,
            "hidden": 0,
            "banned": 0,
            "verified": 0,
            "team_id": null,
            "created": "2023-09-07T08:20:04.025214",
            "language": null
        },
        {
            "id": 61,
            "oauth_id": null,
            "name": "player60",
            "password": "$bcrypt-sha256$v=2,t=2b,r=12$wxs2JVkfePhvJTfefWHIi.$WTip5SgHHCHnlKzpgV5YzNVNQKFYPQu",
            "email": "player60@example.com",
            "type": "user",
            "secret": null,
            "website": null,
            "affiliation": null,
            "country": null,
            "bracket": null,
            "hidden": 0,
            "banned": 0,
            "verified": 0,
            "team_id": null,
            "created": "2023-09-07T08:20:04.267301",
            "language": null
        },
        {
            "id": 62,
            "oauth_id": null,
            "name": "player61",
            "password": "$bcrypt-sha256$v=2,t=2b,r=12$ojsqgxy5opZiqvkevtAwru$HgHEqzHtBiku8A8O2ZfKZGDzKWMETvy",
            "email": "player61@example.com",
            "type": "user",
            "secret": null,
            "website": null,
            "affiliation": null,
            "country": null,
            "bracket": null,
            "hidden": 0,
            "banned": 0,
            "verified": 0,
            "team_id": null,
            "created": "2023-09-07T08:20:04.509250",
            "language": null
        },
        {
            "id": 63,
            "oauth_id": null,
            "name": "player62",
            "password": "$bcrypt-sha256$v=2,t=2b,r=12$py9y/XVBFC6TvKBxewQ6JO$l/i9xa.eZ2xjgZVjGv76BElIkjx9iyy",
            "email": "player62@example.com",
            "type": "user",
            "secret": null,
            "website": null,
            "affiliation": null,
            "country": null,
            "bracket": null,
            "hidden": 0,
            "banned": 0,
            "verified": 0,
            "team_id": null,
            "created": "2023-09-07T08:20:04.751317",
            "language": null
        },
        {
            "id": 64,
            "oauth_id": null,
            "name": "player63",
            "password": "$bcrypt-sha256$v=2,t=2b,r=12$yHMzZg5b98xBU27s6QAvnu$9RSGq35cuap0vXQOvG6P.5nntxe/ffC",
            "email": "player63@example.com",
            "type": "user",
            "secret": null,
            "website": null,
            "affiliation": null,
            "country": null,
            "bracket": null,
            "hidden": 0,
            "banned": 0,
            "verified": 0,
            "team_id": null,
            "created": "2023-09-07T08:20:04.993379",
            "language": null
        },
        {
            "id": 65,
            "oauth_id": null,
            "name": "player64",
            "password": "$bcrypt-sha256$v=2,t=2b,r=12$KHDzYzBehJMa6VK9HiStQu$nh96JlC1bdBvV6vwvCsAseSuL5Rgqx6",
            "email": "player64@example.com",
            "type": "user",
            "secret": null,
            "website": null,
            "affiliation": null,
            "country": null,
            "bracket": null,
            "hidden": 0,
            "banned": 0,
            "verified": 0,
            "team_id": null,
            "created": "2023-09-07T08:20:05.234950",
            "language": null
        },
        {
            "id": 66,
            "oauth_id": null,
            "name": "player65",
            "password": "$bcrypt-sha256$v=2,t=2b,r=12$tWretoYlkBShFdzrg3rDe.$fLYdTWukqSdalyrE55KSKwlh1OX.pE.",
            "email": "player65@example.com",
            "type": "user",
            "secret": null,
            "website": null,
            "affiliation": null,
            "country": null,
            "bracket": null,
            "hidden": 0,
            "banned": 0,
            "verified": 0,
            "team_id": null,
            "created": "2023-09-07T08:20:05.476759",
            "language": null
        },
        {
            "id": 67,
            "oauth_id": null,
            "name": "player66",
            "password": "$bcrypt-sha256$v=2,t=2b,r=12$owf.Cu53UNpRqeMXT55StO$GpOwHlufAovGjxV1yuCjotsMn5S0NIC",
            "email": "player66@example.com",
            "type": "user",
            "secret": null,
            "website": null,
            "affiliation": null,
            "country": null,
            "bracket": null,
            "hidden": 0,
            "banned": 0,
            "verified": 0,
            "team_id": null,
            "created": "2023-09-07T08:20:05.718475",
            "language": null
        },
        {
            "id": 68,
            "oauth_id": null,
            "name": "player67",
            "password": "$bcrypt-sha256$v=2,t=2b,r=12$yJLRYvcXFCK425T0x9Gbke$SMS2/Sm4Ew6mfueL4GfLgdj/VvsyxPG",
            "email": "player67@example.com",
            "type": "user",
            "secret": null,
            "website": null,
            "affiliation": null,
            "country": null,
            "bracket": null,
            "hidden": 0,
            "banned": 0,
            "verified": 0,
            "team_id": null,
            "created": "2023-09-07T08:20:05.960296",
            "language": null
        },
        {
            "id": 69,
            "oauth_id": null,
            "name": "player68",
            "password": "$bcrypt-sha256$v=2,t=2b,r=12$gwKPsVws7tSn0dWglC/6Te$Rq8SBSQGP66gb/cBchvqUxNfNl2skVe",
            "email": "player68@example.com",
            "type": "user",
            "secret": null,
            "website": null,
            "affiliation": null,
            "country": null,
            "bracket": null,
            "hidden": 0,
            "banned": 0,
            "verified": 0,
            "team_id": null,
            "created": "2023-09-07T08:20:06.201918",
            "language": null
        },
        {
            "id": 70,
            "oauth_id": null,
            "name": "player69",
            "password": "$bcrypt-sha256$v=2,t=2b,r=12$koE/NmFEHFtOofBgMslIo.$nDt0mqqP17XXDv0bbK83588c5sCfTM.",
            "email": "player69@example.com",
            "type": "user",
            "secret": null,
            "website": null,
            "affiliation": null,
            "country": null,
            "bracket": null,
            "hidden": 0,
            "banned": 0,
            "verified": 0,
            "team_id": null,
            "created": "2023-09-07T08:20:06.443539",
            "language": null
        },
        {
            "id": 71,
            "oauth_id": null,
            "name": "player70",
            "password": "$bcrypt-sha256$v=2,t=2b,r=12$wo3SjrtGfW8NO8/X8HhaxO$i0VQrXjn4S9lYFC8LccW/HYaJ6HZff6",
            "email": "player70@example.com",
            "type": "user",
            "secret": null,
            "website": null,
            "affiliation": null,
            "country": null,
            "bracket": null,
            "hidden": 0,
            "banned": 0,
            "verified": 0,
            "team_id": null,
            "created": "2023-09-07T08:20:06.685064",
            "language": null
        },
        {
            "id": 72,
            "oauth_id": null,
            "name": "player71",
            "password": "$bcrypt-sha256$v=2,t=2b,r=12$FBXjdTQC7BzX.qVYGcSjb.$oe3isOZxdt5wJZPIvTQqLcIHj1D2Toq",
            "email": "player71@example.com",
            "type": "user",
            "secret": null,
            "website": null,
            "affiliation": null,
            "country": null,
            "bracket": null,
            "hidden": 0,
            "banned": 0,
            "verified": 0,
            "team_id": null,
            "created": "2023-09-07T08:20:06.926773",
            "language": null
        },
        {
            "id": 73,
            "oauth_id": null,
            "name": "player72",
            "password": "$bcrypt-sha256$v=2,t=2b,r=12$AEeJf6AsLZsQD7U7E5wcp.$c57lBz1c9GMbrf0Q2dXwCyo/UZAQylC",
            "email": "player72@example.com",
            "type": "user",
            "secret": null,
            "website": null,
            "affiliation": null,
            "country": null,
            "bracket": null,
            "hidden": 0,
            "banned": 0,
            "verified": 0,
            "team_id": null,
            "created": "2023-09-07T08:20:07.168318",
            "language": null
        },
        {
            "id": 74,
            "oauth_id": null,
            "name": "player73",
            "password": "$bcrypt-sha256$v=2,t=2b,r=12$Fu.49Fc8y.3fxq7bt5.yje$R/HBC2RX3/moDxXm679neVpato8B/SK",
            "email": "player73@example.com",
            "type": "user",
            "secret": null,
            "website": null,
            "affiliation": null,
            "country": null,
            "bracket": null,
            "hidden": 0,
            "banned": 0,
            "verified": 0,
            "team_id": null,
            "created": "2023-09-07T08:20:07.409885",
            "language": null
        },
        {
            "id": 75,
            "oauth_id": null,
            "name": "player74",
            "password": "$bcrypt-sha256$v=2,t=2b,r=12$XUBLnM/.QldCWa6unKL5Xe$UpraxvjZCKF8OTqfwrGjtIzYoRixX2m",
            "email": "player74@example.com",
            "type": "user",
            "secret": null,
            "website": null,
            "affiliation": null,
            "country": null,
            "bracket": null,
            "hidden": 0,
            "banned": 0,
            "verified": 0,
            "team_id": null,
            "created": "2023-09-07T08:20:07.651445",
            "language": null
        },
        {
            "id": 76,
            "oauth_id": null,
            "name": "player75",
            "password": "$bcrypt-sha256$v=2,t=2b,r=12$W1lcqWu8Qx3YN/VgDuFNf.$R9YtBSZ/5uQtMjVsvsuzzM3qIywjB2W",
            "email": "player75@example.com",
            "type": "user",
            "secret": null,
            "website": null,
            "affiliation": null,
            "country": null,
            "bracket": null,
            "hidden": 0,
            "banned": 0,
            "verified": 0,
            "team_id": null,
            "created": "2023-09-07T08:20:07.893015",
            "language": null
        },
        {
            "id": 77,
            "oauth_id": null,
            "name": "player76",
            "password": "$bcrypt-sha256$v=2,t=2b,r=12$10Ig8bqw35aIWdn1POl7jO$RPNqQ4t4v/TAdaZ.QDyrxt2eGug7jmC",
            "email": "player76@example.com",
            "type": "user",
            "secret": null,
            "website": null,
            "affiliation": null,
            "country": null,
            "bracket": null,
            "hidden": 0,
            "banned": 0,
            "verified": 0,
            "team_id": null,
            "created": "2023-09-07T08:20:08.135099",
            "language": null
        },
        {
            "id": 78,
            "oauth_id": null,
            "name": "player77",
            "password": "$bcrypt-sha256$v=2,t=2b,r=12$UyoUWgR2H4TULO81zAdaXO$7wA/IcIwT9AK7rX/MX2ZNKumNIOw/Ci",
            "email": "player77@example.com",
            "type": "user",
            "secret": null,
            "website": null,
            "affiliation": null,
            "country": null,
            "bracket": null,
            "hidden": 0,
            "banned": 0,
            "verified": 0,
            "team_id": null,
            "created": "2023-09-07T08:20:08.376915",
            "language": null
        },
        {
            "id": 79,
            "oauth_id": null,
            "name": "player78",
            "password": "$bcrypt-sha256$v=2,t=2b,r=12$GjsZk/WARXr25nj0D2HVGe$pQ0D42J3/vFJ0CuqGsbEEW85R.r27He",
            "email": "player78@example.com",
            "type": "user",
            "secret": null,
            "website": null,
            "affiliation": null,
            "country": null,
            "bracket": null,
            "hidden": 0,
            "banned": 0,
            "verified": 0,
            "team_id": null,
            "created": "2023-09-07T08:20:08.618462",
            "language": null
        },
        {
            "id": 80,
            "oauth_id": null,
            "name": "player79",
            "password": "$bcrypt-sha256$v=2,t=2b,r=12$RZqrVQJdfY0cz5sw9IXuJO$ePY5M59FFqgGBuakmcQJz8FgWu3BoJS",
            "email": "player79@example.com",
            "type": "user",
            "secret": null,
            "website": null,
            "affiliation": null,
            "country": null,
            "bracket": null,
            "hidden": 0,
            "banned": 0,
            "verified": 0,
            "team_id": null,
            "created": "2023-09-07T08:20:08.860063",
            "language": null
        },
        {
            "id": 81,
            "oauth_id": null,
            "name": "player80",
            "password": "$bcrypt-sha256$v=2,t=2b,r=12$lOpUw0OcMj2n6NoCKkmRXe$PmLEbbUyAGiZJDaw2G75hrau77SWYCe",
            "email": "player80@example.com",
            "type": "user",
            "secret": null,
            "website": null,
            "affiliation": null,
            "country": null,
            "bracket": null,
            "hidden": 0,
            "banned": 0,
            "verified": 0,
            "team_id": null,
            "created": "2023-09-07T08:20:09.101765",
            "language": null
        },
        {
            "id": 82,
            "oauth_id": null,
            "name": "player81",
            "password": "$bcrypt-sha256$v=2,t=2b,r=12$M5pBJg6mTFNtEotl.waeVu$nA8Aocq.HN1Tb3ir9Bj2W/KKEdXAxUu",
            "email": "player81@example.com",
            "type": "user",
            "secret": null,
            "website": null,
            "affiliation": null,
            "country": null,
            "bracket": null,
            "hidden": 0,
            "banned": 0,
            "verified": 0,
            "team_id": null,
            "created": "2023-09-07T08:20:09.343499",
            "language": null
        },
        {
            "id": 83,
            "oauth_id": null,
            "name": "player82",
            "password": "$bcrypt-sha256$v=2,t=2b,r=12$w9uY1pCKBoYSP4Rzpygyse$eUjZLgqju6G6li4crVCRHs/Ju7yilTO",
            "email": "player82@example.com",
            "type": "user",
            "secret": null,
            "website": null,
            "affiliation": null,
            "country": null,
            "bracket": null,
            "hidden": 0,
            "banned": 0,
            "verified": 0,
            "team_id": null,
            "created": "2023-09-07T08:20:09.585061",
            "language": null
        },
        {
            "id": 84,
            "oauth_id": null,
            "name": "player83",
            "password": "$bcrypt-sha256$v=2,t=2b,r=12$Ksj8r3lYbi9x6c/iAKGXlO$Mneh8SdkxsjPRrrwaWOwaSxZFfJcigC",
            "email": "player83@example.com",
            "type": "user",
            "secret": null,
            "website": null,
            "affiliation": null,
            "country": null,
            "bracket": null,
            "hidden": 0,
            "banned": 0,
            "verified": 0,
            "team_id": null,
            "created": "2023-09-07T08:20:09.827189",
            "language": null
        },
        {
            "id": 85,
            "oauth_id": null,
            "name": "player84",
            "password": "$bcrypt-sha256$v=2,t=2b,r=12$FI4Lukql5wrvXbx.teNsy.$qPi8j8jBOyjRTMOKEXJw/Km5hUqIPja",
            "email": "player84@example.com",
            "type": "user",
            "secret": null,
            "website": null,
            "affiliation": null,
            "country": null,
            "bracket": null,
            "hidden": 0,
            "banned": 0,
            "verified": 0,
            "team_id": null,
            "created": "2023-09-07T08:20:10.071262",
            "language": null
        },
        {
            "id": 86,
            "oauth_id": null,
            "name": "player85",
            "password": "$bcrypt-sha256$v=2,t=2b,r=12$Pi1DV6PoY22cxcQPDnzLX.$iI43gUoc84OmTi64oSZVt/s2qrSTSji",
            "email": "player85@example.com",
            "type": "user",
            "secret": null,
            "website": null,
            "affiliation": null,
            "country": null,
            "bracket": null,
            "hidden": 0,
            "banned": 0,
            "verified": 0,
            "team_id": null,
            "created": "2023-09-07T08:20:10.314995",
            "language": null
        },
        {
            "id": 87,
            "oauth_id": null,
            "name": "player86",
            "password": "$bcrypt-sha256$v=2,t=2b,r=12$/0mo0NRfOqdEUmsCzv3QJO$Fmgb1pd3FD7ZEaKyxcnrsbVtOr9pn5m",
            "email": "player86@example.com",
            "type": "user",
            "secret": null,
            "website": null,
            "affiliation": null,
            "country": null,
            "bracket": null,
            "hidden": 0,
            "banned": 0,
            "verified": 0,
            "team_id": null,
            "created": "2023-09-07T08:20:10.556757",
            "language": null
        },
        {
            "id": 88,
            "oauth_id": null,
            "name": "player87",
            "password": "$bcrypt-sha256$v=2,t=2b,r=12$.tvGf0xOmfXKCtPsPTc6te$hnXZWsDQXug4AI9wt.vRRnUU4SRIB0G",
            "email": "player87@example.com",
            "type": "user",
            "secret": null,
            "website": null,
            "affiliation": null,
            "country": null,
            "bracket": null,
            "hidden": 0,
            "banned": 0,
            "verified": 0,
            "team_id": null,
            "created": "2023-09-07T08:20:10.801278",
            "language": null
        },
        {
            "id": 89,
            "oauth_id": null,
            "name": "player88",
            "password": "$bcrypt-sha256$v=2,t=2b,r=12$LSrtezq46QjjCKTbEB61Ae$HbUjTH89cCipbnUQ1i1U0DnNRbR7iO6",
            "email": "player88@example.com",
            "type": "user",
            "secret": null,
            "website": null,
            "affiliation": null,
            "country": null,
            "bracket": null,
            "hidden": 0,
            "banned": 0,
            "verified": 0,
            "team_id": null,
            "created": "2023-09-07T08:20:11.043478",
            "language": null
        },
        {
            "id": 90,
            "oauth_id": null,
            "name": "player89",
            "password": "$bcrypt-sha256$v=2,t=2b,r=12$fd8G8.JaGUhUPDp5cT83X.$8lpUU4OOrglZEk7LQD0ZFhwAIv3nbEK",
            "email": "player89@example.com",
            "type": "user",
            "secret": null,
            "website": null,
            "affiliation": null,
            "country": null,
            "bracket": null,
            "hidden": 0,
            "banned": 0,
            "verified": 0,
            "team_id": null,
            "created": "2023-09-07T08:20:11.286297",
            "language": null
        },
        {
            "id": 91,
            "oauth_id": null,
            "name": "player90",
            "password": "$bcrypt-sha256$v=2,t=2b,r=12$1DMztCVbPZ9FRGFd.ui5DO$Rp5WnWtLwvm/XP5aEEntoxjjbpfo7rW",
            "email": "player90@example.com",
            "type": "user",
            "secret": null,
            "website": null,
            "affiliation": null,
            "country": null,
            "bracket": null,
            "hidden": 0,
            "banned": 0,
            "verified": 0,
            "team_id": null,
            "created": "2023-09-07T08:20:11.533999",
            "language": null
        },
        {
            "id": 92,
            "oauth_id": null,
            "name": "player91",
            "password": "$bcrypt-sha256$v=2,t=2b,r=12$vja5Je9dWqg1tz2vSflwre$QcfZ80Tw47JYlTMpl482lho6WPtk8wa",
            "email": "player91@example.com",
            "type": "user",
            "secret": null,
            "website": null,
            "affiliation": null,
            "country": null,
            "bracket": null,
            "hidden": 0,
            "banned": 0,
            "verified": 0,
            "team_id": null,
            "created": "2023-09-07T08:20:11.775635",
            "language": null
        },
        {
            "id": 93,
            "oauth_id": null,
            "name": "player92",
            "password": "$bcrypt-sha256$v=2,t=2b,r=12$cC9o9UR0riaLRUi0YP.UTe$tNg2hP0FjgOG/liR1F80uzr5QH48WN2",
            "email": "player92@example.com",
            "type": "user",
            "secret": null,
            "website": null,
            "affiliation": null,
            "country": null,
            "bracket": null,
            "hidden": 0,
            "banned": 0,
            "verified": 0,
            "team_id": null,
            "created": "2023-09-07T08:20:12.017338",
            "language": null
        },
        {
            "id": 94,
            "oauth_id": null,
            "name": "player93",
            "password": "$bcrypt-sha256$v=2,t=2b,r=12$jSLYqqmU0Ek4QpyvehrU6u$OaaOpnUTnrZGzjb9EXSiw415CjMt/m.",
            "email": "player93@example.com",
            "type": "user",
            "secret": null,
            "website": null,
            "affiliation": null,
            "country": null,
            "bracket": null,
            "hidden": 0,
            "banned": 0,
            "verified": 0,
            "team_id": null,
            "created": "2023-09-07T08:20:12.258938",
            "language": null
        },
        {
            "id": 95,
            "oauth_id": null,
            "name": "player94",
            "password": "$bcrypt-sha256$v=2,t=2b,r=12$1PsPoeEACp.dZUY/ZZwNS.$ddxEnms3W.cydcDqmssHCKVO73aFzAe",
            "email": "player94@example.com",
            "type": "user",
            "secret": null,
            "website": null,
            "affiliation": null,
            "country": null,
            "bracket": null,
            "hidden": 0,
            "banned": 0,
            "verified": 0,
            "team_id": null,
            "created": "2023-09-07T08:20:12.500563",
            "language": null
        },
        {
            "id": 96,
            "oauth_id": null,
            "name": "player95",
            "password": "$bcrypt-sha256$v=2,t=2b,r=12$aigN1IeY2.rYF5u9k.dFnu$hNqaMFHXfaugfDhXOUecm..ByPro.Ba",
            "email": "player95@example.com",
            "type": "user",
            "secret": null,
            "website": null,
            "affiliation": null,
            "country": null,
            "bracket": null,
            "hidden": 0,
            "banned": 0,
            "verified": 0,
            "team_id": null,
            "created": "2023-09-07T08:20:12.742231",
            "language": null
        },
        {
            "id": 97,
            "oauth_id": null,
            "name": "player96",
            "password": "$bcrypt-sha256$v=2,t=2b,r=12$y9sSxRO.lJHjhXWlj7yUr.$b//Kq9D1ZLLK/R8h57hJuptOgWY48H2",
            "email": "player96@example.com",
            "type": "user",
            "secret": null,
            "website": null,
            "affiliation": null,
            "country": null,
            "bracket": null,
            "hidden": 0,
            "banned": 0,
            "verified": 0,
            "team_id": null,
            "created": "2023-09-07T08:20:12.984685",
            "language": null
        },
        {
            "id": 98,
            "oauth_id": null,
            "name": "player97",
            "password": "$bcrypt-sha256$v=2,t=2b,r=12$RQs009Kk0gMWpfGuAvWKe.$Rg1sb79F/vtAXD/e5o3nacvZEMZVffC",
            "email": "player97@example.com",
            "type": "user",
            "secret": null,
            "website": null,
            "affiliation": null,
            "country": null,
            "bracket": null,
            "hidden": 0,
            "banned": 0,
            "verified": 0,
            "team_id": null,
            "created": "2023-09-07T08:20:13.226302",
            "language": null
        },
        {
            "id": 99,
            "oauth_id": null,
            "name": "player98",
            "password": "$bcrypt-sha256$v=2,t=2b,r=12$3SrOhSvzxDgZKX2tefEb8.$QrXRosk6JghCLOv2Cc0gJr.3gyQUA8q",
            "email": "player98@example.com",
            "type": "user",
            "secret": null,
            "website": null,
            "affiliation": null,
            "country": null,
            "bracket": null,
            "hidden": 0,
            "banned": 0,
            "verified": 0,
            "team_id": null,
            "created": "2023-09-07T08:20:13.468304",
            "language": null
        },
        {
            "id": 100,
            "oauth_id": null,
            "name": "player99",
            "password": "$bcrypt-sha256$v=2,t=2b,r=12$wVkGSo/d1kqW8nksGKJS2.$HRjcsxmnrPx7jqMRajoGUA3efGkNXsq",
            "email": "player99@example.com",
            "type": "user",
            "secret": null,
            "website": null,
            "affiliation": null,
            "country": null,
            "bracket": null,
            "hidden": 0,
            "banned": 0,
            "verified": 0,
            "team_id": null,
            "created": "2023-09-07T08:20:13.712323",
            "language": null
        },
        {
            "id": 101,
            "oauth_id": null,
            "name": "player100",
            "password": "$bcrypt-sha256$v=2,t=2b,r=12$zHJvsn/jHL4QdYWilqzpVu$/A.Zv5TUhjwNwzADjL/Yscbf0MZIcRq",
            "email": "player100@example.com",
            "type": "user",
            "secret": null,
            "website": null,
            "affiliation": null,
            "country": null,
            "bracket": null,
            "hidden": 0,
            "banned": 0,
            "verified": 0,
            "team_id": null,
            "created": "2023-09-07T08:20:13.960059",
            "language": null
        }
    ]
}
